ind1.id,ind2.id,pair,group,quellergt,qt_point,quellergt.low,quellergt.high,FS_UN_sig2,HS_UN_sig2,FS_HS_sig2,PO_FS_sig2,PO_HS_sig2,PO_UN_sig2,count
AO-B-JU,AO-B-AP,AO-B-JU=AO-B-AP,AOAO,0.5,0.5095,0.2521,0.7518,*,*,*,ns,ns,ns,3
AO-R-CR,AO-B-JU,AO-R-CR=AO-B-JU,AOAO,0.2683,0.2852,-0.0612,0.7049,*,ns,ns,ns,ns,ns,1
AO-R-CR,AO-B-NV,AO-R-CR=AO-B-NV,AOAO,0.345,0.3621,0.2873,0.4159,*,*,ns,*,*,*,5
AO-R-NV,AO-B-JU,AO-R-NV=AO-B-JU,AOAO,0.4156,0.4194,0.1651,0.6528,*,*,ns,*,*,*,5
AO-R-NV,AO-R-CR,AO-R-NV=AO-R-CR,AOAO,0.5257,0.5337,0.4168,0.6944,*,*,*,*,*,*,6
AP-B-CR,AP-B-AO,AP-B-CR=AP-B-AO,APAP,0.2088,0.1986,0.0378,0.3306,*,*,ns,ns,ns,ns,2
AP-B-LV,AO-B-JU,AP-B-LV=AO-B-JU,APAO,0.1821,0.1861,-0.1435,0.4406,*,ns,ns,ns,ns,ns,1
AP-B-LV,AO-R-NV,AP-B-LV=AO-R-NV,APAO,0.3749,0.3735,0.0992,0.6736,*,*,ns,ns,ns,ns,2
AP-B-LV,AP-B-AO,AP-B-LV=AP-B-AO,APAP,0.4168,0.413,0.2241,0.6195,*,*,ns,*,*,*,5
AP-B-MO,AO-B-JU,AP-B-MO=AO-B-JU,APAO,0.2887,0.2959,0.0095,0.5063,*,*,ns,ns,ns,ns,2
AP-B-MO,AO-R-NV,AP-B-MO=AO-R-NV,APAO,0.3417,0.344,0.0951,0.556,*,*,ns,ns,ns,ns,2
AP-B-MO,AP-B-LV,AP-B-MO=AP-B-LV,APAP,0.3817,0.3831,-0.0431,0.7089,*,*,ns,ns,ns,ns,2
AP-B-OX,AP-B-AO,AP-B-OX=AP-B-AO,APAP,0.1335,0.1228,-0.1407,0.3646,*,*,ns,ns,ns,ns,2
AP-B-OX,AP-B-CR,AP-B-OX=AP-B-CR,APAP,0.6714,0.6665,0.3567,0.9061,*,*,*,ns,ns,ns,3
AP-R-AP,AP-B-AO,AP-R-AP=AP-B-AO,APAP,0.393,0.3797,0.3101,0.4581,*,*,ns,*,*,*,5
AP-R-AP,AP-B-CR,AP-R-AP=AP-B-CR,APAP,0.528,0.5167,0.3714,0.648,*,*,ns,*,*,*,5
AP-R-AP,AP-B-OX,AP-R-AP=AP-B-OX,APAP,0.5488,0.5385,0.3908,0.6757,*,*,ns,*,*,*,5
AP-R-JU,AP-B-AO,AP-R-JU=AP-B-AO,APAP,0.4884,0.479,0.1229,0.7372,*,*,*,ns,ns,ns,3
AP-R-JU,AP-B-LV,AP-R-JU=AP-B-LV,APAP,0.3584,0.3488,0.229,0.4694,*,*,ns,*,*,*,5
AP-R-JU,AP-R-AP,AP-R-JU=AP-R-AP,APAP,0.4528,0.4368,0.3125,0.5962,*,*,ns,*,*,*,5
AP-R-NV,AP-B-AO,AP-R-NV=AP-B-AO,APAP,0.4338,0.4218,0.114,0.6994,*,*,ns,ns,ns,ns,2
AP-R-NV,AP-B-LV,AP-R-NV=AP-B-LV,APAP,0.3689,0.3576,0.2534,0.4813,*,*,ns,*,*,*,5
AP-R-NV,AP-B-OX,AP-R-NV=AP-B-OX,APAP,0.0409,0.0192,-0.1726,0.185,ns,*,ns,ns,ns,ns,1
AP-R-NV,AP-R-AP,AP-R-NV=AP-R-AP,APAP,0.4605,0.4434,0.2944,0.5955,*,*,ns,*,*,*,5
AP-R-NV,AP-R-JU,AP-R-NV=AP-R-JU,APAP,0.5639,0.551,0.0985,0.8656,*,*,*,ns,ns,ns,3
AP-X-JU1,AP-B-AO,AP-X-JU1=AP-B-AO,APAP,0.8267,0.8239,0.6942,1,*,*,*,*,*,*,6
AP-X-JU1,AP-B-LV,AP-X-JU1=AP-B-LV,APAP,0.3047,0.2955,0.0341,0.5494,*,*,ns,ns,ns,ns,2
AP-X-JU1,AP-B-OX,AP-X-JU1=AP-B-OX,APAP,0.2162,0.2021,-0.0918,0.4318,*,*,ns,ns,ns,ns,2
AP-X-JU1,AP-R-AP,AP-X-JU1=AP-R-AP,APAP,0.3984,0.3825,0.1628,0.5446,*,*,ns,ns,ns,ns,2
AP-X-JU1,AP-R-JU,AP-X-JU1=AP-R-JU,APAP,0.3129,0.2964,-0.0314,0.6135,*,*,ns,ns,ns,ns,2
AP-X-JU1,AP-R-NV,AP-X-JU1=AP-R-NV,APAP,0.3794,0.3629,0.0402,0.6454,*,*,ns,ns,ns,ns,2
CR-B-VO,CR-B-LV,CR-B-VO=CR-B-LV,CRCR,0.4605,0.4715,0.3311,0.5989,*,*,ns,*,*,*,5
CR-R-MP,CR-R-CR,CR-R-MP=CR-R-CR,CRCR,0.4027,0.416,0.0674,0.6617,*,*,ns,ns,ns,ns,2
LV-B-CR,AO-R-NV,LV-B-CR=AO-R-NV,LVAO,0.2935,0.2924,0.0744,0.3996,*,*,ns,ns,ns,ns,2
LV-X-INB,LV-B-CR,LV-X-INB=LV-B-CR,LVLV,0.4934,0.4875,0.2771,0.6888,*,*,*,*,*,*,6
LV-X-INB,LV-R-NV,LV-X-INB=LV-R-NV,LVLV,0.5011,0.4947,0.3585,0.6377,*,*,*,*,*,*,6
NV-B-CR,LV-B-MO,NV-B-CR=LV-B-MO,NVLV,0.3937,0.4063,0.1011,0.7375,*,*,ns,ns,ns,ns,2
NV-B-CR,LV-R-NV,NV-B-CR=LV-R-NV,NVLV,0.1564,0.1647,-0.125,0.474,*,ns,ns,ns,ns,ns,1
NV-B-LV,MO-R-NV,NV-B-LV=MO-R-NV,NVMO,0.2807,0.2694,0.0386,0.5573,*,*,ns,ns,ns,ns,2
NV-B-LV,NV-B-AP,NV-B-LV=NV-B-AP,NVNV,0.2775,0.2534,0.054,0.5545,*,*,ns,ns,ns,ns,2
NV-B-LV,NV-B-CR,NV-B-LV=NV-B-CR,NVNV,0.117,0.1166,-0.1682,0.4208,*,ns,ns,ns,ns,ns,1
NV-B-MO,AO-B-JU,NV-B-MO=AO-B-JU,NVAO,0.3112,0.3077,-0.0506,0.6933,*,ns,ns,ns,ns,ns,1
NV-B-MO,NV-B-AP,NV-B-MO=NV-B-AP,NVNV,0.2414,0.2186,-0.1929,0.582,*,*,*,ns,ns,ns,3
NV-B-MP,NV-B-AP,NV-B-MP=NV-B-AP,NVNV,0.2162,0.1951,-0.0714,0.3982,*,*,ns,ns,ns,ns,2
NV-B-MP,NV-B-MO,NV-B-MP=NV-B-MO,NVNV,0.5891,0.5811,0.389,0.7716,*,*,*,*,*,*,6
NV-B-NV,NV-B-CR,NV-B-NV=NV-B-CR,NVNV,0.4912,0.5015,0.3356,0.759,*,*,ns,*,*,*,5
NV-B-NV2,CR-R-MP,NV-B-NV2=CR-R-MP,NVCR,0.1795,0.2019,-0.0112,0.3942,*,*,ns,ns,ns,ns,2
NV-B-VP,AP-B-MO,NV-B-VP=AP-B-MO,NVAP,0.2187,0.2073,0.0069,0.3678,*,*,ns,ns,ns,ns,2
NV-B-VP,AP-B-OX,NV-B-VP=AP-B-OX,NVAP,0.2101,0.1902,-0.0465,0.3914,*,ns,ns,ns,ns,ns,1
NV-B-VP,MO-B-LV,NV-B-VP=MO-B-LV,NVMO,0.1722,0.1667,-0.1173,0.4482,*,ns,ns,ns,ns,ns,1
NV-R-JU,NV-B-NV,NV-R-JU=NV-B-NV,NVNV,0.1714,0.1637,-0.0227,0.3224,*,*,ns,ns,ns,ns,2
NV-R-JU,NV-B-VP,NV-R-JU=NV-B-VP,NVNV,0.563,0.5464,0.4075,0.7656,*,*,*,*,*,*,6
NV-R-JU1,AO-B-AP,NV-R-JU1=AO-B-AP,NVAO,0.3288,0.3275,0.1113,0.5266,*,*,ns,ns,ns,ns,2
NV-R-JU1,NV-B-AP,NV-R-JU1=NV-B-AP,NVNV,0.4946,0.4779,0.1667,0.7613,*,*,*,ns,ns,ns,3
NV-R-JU1,NV-B-LV,NV-R-JU1=NV-B-LV,NVNV,0.4743,0.4589,0.3077,0.6491,*,*,ns,*,*,*,5
NV-R-JU1,NV-B-MO,NV-R-JU1=NV-B-MO,NVNV,0.2072,0.1864,0.0014,0.3596,*,*,ns,ns,ns,ns,2
NV-R-JU1,NV-B-MP,NV-R-JU1=NV-B-MP,NVNV,0.184,0.1649,-0.0635,0.3559,*,*,ns,ns,ns,ns,2
NV-R-JU2,CR-R-CR,NV-R-JU2=CR-R-CR,NVCR,0.2468,0.2447,-0.1258,0.5241,*,ns,ns,ns,ns,ns,1
NV-R-JU2,NV-B-AP,NV-R-JU2=NV-B-AP,NVNV,0.4763,0.4595,0.2194,0.6911,*,*,*,ns,ns,ns,3
NV-R-JU2,NV-B-LV,NV-R-JU2=NV-B-LV,NVNV,0.2758,0.2552,0.1107,0.4203,*,*,ns,ns,ns,ns,2
NV-R-JU2,NV-B-MO,NV-R-JU2=NV-B-MO,NVNV,0.0533,0.0295,-0.3671,0.2584,ns,*,ns,ns,ns,ns,1
NV-R-JU2,NV-R-JU1,NV-R-JU2=NV-R-JU1,NVNV,0.4177,0.4012,0.0841,0.7072,*,*,*,ns,ns,ns,3
NV-R-LV,NV-B-AP,NV-R-LV=NV-B-AP,NVNV,0.3965,0.3764,0.2254,0.5078,*,*,ns,*,*,*,5
NV-R-LV,NV-B-MO,NV-R-LV=NV-B-MO,NVNV,0.6125,0.6024,0.4053,0.8381,*,*,*,*,*,*,6
NV-R-LV,NV-B-MP,NV-R-LV=NV-B-MP,NVNV,0.5339,0.5231,0.3859,0.7502,*,*,*,*,*,*,6
NV-R-LV,NV-R-JU1,NV-R-LV=NV-R-JU1,NVNV,0.4051,0.3878,0.2016,0.6053,*,*,ns,*,*,*,5
NV-R-LV,NV-R-JU2,NV-R-LV=NV-R-JU2,NVNV,0.3234,0.3043,0.1254,0.4353,*,*,ns,*,*,*,5
NV-R-VO,NV-B-MO,NV-R-VO=NV-B-MO,NVNV,0.4252,0.4107,0.30620000000000003,0.4814,*,*,ns,*,*,*,5
NV-R-VO,NV-B-MP,NV-R-VO=NV-B-MP,NVNV,0.4109,0.3974,0.1718,0.598,*,*,ns,ns,ns,ns,2
NV-R-VO,NV-R-LV,NV-R-VO=NV-R-LV,NVNV,0.5397,0.5269,0.3365,0.6975,*,*,ns,*,*,*,5
VO-B-AP,MO-R-NV,VO-B-AP=MO-R-NV,VOMO,0.2826,0.2701,0.0135,0.4359,*,*,ns,ns,ns,ns,2
VO-B-AP,NV-B-CR,VO-B-AP=NV-B-CR,VONV,0.1885,0.1853,-0.0508,0.4103,ns,*,ns,ns,ns,ns,1
VO-B-AP,NV-B-NV,VO-B-AP=NV-B-NV,VONV,-0.0046,-0.0136,-0.1886,0.1905,*,*,ns,ns,ns,ns,2
VO-B-MO,MO-B-LV,VO-B-MO=MO-B-LV,VOMO,0.2116,0.2174,-0.1677,0.5809,*,ns,ns,ns,ns,ns,1
VO-R-AO,CR-R-CR,VO-R-AO=CR-R-CR,VOCR,0.1618,0.152,-0.2281,0.4413,*,*,ns,ns,ns,ns,2
VO-R-AO,NV-R-JU2,VO-R-AO=NV-R-JU2,VONV,0.3047,0.2795,0.0546,0.494,*,*,ns,ns,ns,ns,2
VO-R-AO,NV-R-VO,VO-R-AO=NV-R-VO,VONV,0.2215,0.1946,-0.1342,0.4222,ns,*,ns,ns,ns,ns,1
VO-R-AO,VO-B-AP,VO-R-AO=VO-B-AP,VOVO,0.3012,0.2763,-0.0849,0.5857,*,*,ns,ns,ns,ns,2
VO-R-JU1,NV-R-LV,VO-R-JU1=NV-R-LV,VONV,0.1892,0.1649,-0.0789,0.434,*,ns,ns,ns,ns,ns,1
VO-R-JU1,VO-B-JU,VO-R-JU1=VO-B-JU,VOVO,0.3696,0.359,0.1096,0.5361,*,*,ns,ns,ns,ns,2
VO-R-JU1,VO-R-AO,VO-R-JU1=VO-R-AO,VOVO,0.1781,0.1469,-0.2245,0.3978,*,*,ns,ns,ns,ns,2
VO-R-JU2,LV-X-INB,VO-R-JU2=LV-X-INB,VOLV,0.1802,0.1628,-0.1376,0.4583,*,*,ns,ns,ns,ns,2
VO-R-JU2,MO-R-NV,VO-R-JU2=MO-R-NV,VOMO,0.2538,0.2466,-0.0112,0.4564,*,ns,ns,ns,ns,ns,1
VO-R-JU2,VO-B-AP,VO-R-JU2=VO-B-AP,VOVO,0.3083,0.2913,0.0561,0.5551,*,*,ns,ns,ns,ns,2
VO-R-LV,MO-R-NV,VO-R-LV=MO-R-NV,VOMO,0.3184,0.2974,0.1596,0.4175,*,*,ns,*,*,*,5
VO-R-LV,NV-B-AP,VO-R-LV=NV-B-AP,VONV,0.1783,0.1374,-0.1897,0.4741,*,ns,ns,ns,ns,ns,1
VO-R-LV,NV-B-LV,VO-R-LV=NV-B-LV,VONV,0.3709,0.3431,0.2048,0.53,*,*,ns,*,*,*,5
VO-R-LV,NV-R-JU1,VO-R-LV=NV-R-JU1,VONV,0.2727,0.241,-0.0323,0.4773,*,*,ns,ns,ns,ns,2
VO-R-LV,NV-R-VO,VO-R-LV=NV-R-VO,VONV,0.1685,0.1351,-0.1503,0.3797,*,*,ns,ns,ns,ns,2
VO-R-LV,VO-B-AP,VO-R-LV=VO-B-AP,VOVO,0.4659,0.4438,0.35,0.5431,*,*,ns,*,*,*,5
VO-R-LV,VO-B-JU,VO-R-LV=VO-B-JU,VOVO,0.3512,0.3314,0.2035,0.4915,*,*,ns,*,*,*,5
VO-R-LV,VO-R-AO,VO-R-LV=VO-R-AO,VOVO,0.578,0.556,0.3404,0.7584,*,*,*,*,*,*,6
VO-R-LV,VO-R-JU1,VO-R-LV=VO-R-JU1,VOVO,0.3004,0.2688,0.1316,0.3571,*,*,ns,*,*,*,5
