"pair.no","ind1.id","ind2.id","group","qt_point","quellergt.low","quellergt.high"
1,"AO-B-AP","AO-B-JU","AOAO",0.5095,0.2521,0.7518
2,"AO-B-AP","AO-B-NV","AOAO",0.2844,-0.0452,0.6232
3,"AO-B-AP","AO-R-CR","AOAO",0.145,-0.1992,0.4025
4,"AO-B-AP","AO-R-NV","AOAO",0.0586,-0.158,0.2708
5,"AO-B-AP","AP-B-AO","AOAP",-0.0651,-0.2437,0.1486
6,"AO-B-AP","AP-B-CR","AOAP",0.1006,-0.1219,0.4681
7,"AO-B-AP","AP-B-LV","AOAP",-0.0651,-0.3838,0.3101
8,"AO-B-AP","AP-B-MO","AOAP",0.0437,-0.1871,0.3443
9,"AO-B-AP","AP-B-OX","AOAP",0.1964,-0.143,0.464
10,"AO-B-AP","AP-R-AP","AOAP",-0.1399,-0.3693,0.1229
11,"AO-B-AP","AP-R-JU","AOAP",-0.3001,-0.4639,-0.08
12,"AO-B-AP","AP-R-NV","AOAP",-0.2257,-0.3441,-0.0206
13,"AO-B-AP","AP-X-JU1","AOAP",-0.129,-0.2993,0.0694
14,"AO-B-AP","CR-B-LV","AOCR",-0.0989,-0.3366,0.1797
15,"AO-B-AP","CR-B-VO","AOCR",-0.0944,-0.231,0.0582
16,"AO-B-AP","CR-R-CR","AOCR",-0.1441,-0.413,0.1142
17,"AO-B-AP","CR-R-MP","AOCR",0.0716,-0.3052,0.4444
18,"AO-B-AP","LV-B-CR","AOLV",-0.1616,-0.3995,0.0453
19,"AO-B-AP","LV-B-MO","AOLV",-0.085,-0.41,0.2178
20,"AO-B-AP","LV-B-VO","AOLV",0.0186,-0.2273,0.2487
21,"AO-B-AP","LV-R-NV","AOLV",0.1803,-0.1211,0.4734
22,"AO-B-AP","LV-X-INB","AOLV",0,-0.239,0.2318
23,"AO-B-AP","MO-B-LV","AOMO",0.0711,-0.1702,0.3118
24,"AO-B-AP","MO-R-NV","AOMO",-0.1066,-0.3488,0.1189
25,"AO-B-AP","NV-B-AP","AONV",-0.0035,-0.2081,0.2466
26,"AO-B-AP","NV-B-CR","AONV",-0.0868,-0.3861,0.2183
27,"AO-B-AP","NV-B-LV","AONV",0.1887,-0.1392,0.465
28,"AO-B-AP","NV-B-MO","AONV",0.1566,-0.14,0.5271
29,"AO-B-AP","NV-B-MP","AONV",0.0117,-0.238,0.2346
30,"AO-B-AP","NV-B-NV","AONV",0.1279,-0.2054,0.5204
31,"AO-B-AP","NV-B-NV2","AONV",0.201,-0.0983,0.4572
32,"AO-B-AP","NV-B-VP","AONV",0.0052,-0.1936,0.2127
33,"AO-B-AP","NV-R-JU","AONV",-0.0112,-0.2129,0.1388
34,"AO-B-AP","NV-R-JU1","AONV",0.3275,0.1113,0.5266
35,"AO-B-AP","NV-R-JU2","AONV",0.0186,-0.1716,0.2672
36,"AO-B-AP","NV-R-LV","AONV",0.0564,-0.1879,0.4216
37,"AO-B-AP","NV-R-VO","AONV",-0.1201,-0.358,0.1336
38,"AO-B-AP","VO-B-AP","AOVO",-0.1993,-0.33,-0.0371
39,"AO-B-AP","VO-B-JU","AOVO",0.1759,-0.1088,0.4601
40,"AO-B-AP","VO-B-MO","AOVO",-0.2287,-0.3558,-0.0734
41,"AO-B-AP","VO-R-AO","AOVO",-0.0674,-0.3932,0.2653
42,"AO-B-AP","VO-R-JU1","AOVO",0.0046,-0.2535,0.2062
43,"AO-B-AP","VO-R-JU2","AOVO",-0.0714,-0.2963,0.1743
44,"AO-B-AP","VO-R-LV","AOVO",-0.0345,-0.2978,0.2312
45,"AO-B-JU","AO-B-NV","AOAO",7e-04,-0.26,0.2819
46,"AO-B-JU","AO-R-CR","AOAO",0.2852,-0.0612,0.7049
47,"AO-B-JU","AO-R-NV","AOAO",0.4194,0.1651,0.6528
48,"AO-B-JU","AP-B-AO","AOAP",-0.0173,-0.2555,0.2405
49,"AO-B-JU","AP-B-CR","AOAP",0.0405,-0.2099,0.2595
50,"AO-B-JU","AP-B-LV","AOAP",0.1861,-0.1435,0.4406
51,"AO-B-JU","AP-B-MO","AOAP",0.2959,0.0095,0.5063
52,"AO-B-JU","AP-B-OX","AOAP",0.1521,-0.0473,0.3466
53,"AO-B-JU","AP-R-AP","AOAP",-0.1666,-0.3135,0.0674
54,"AO-B-JU","AP-R-JU","AOAP",-0.0835,-0.3858,0.1806
55,"AO-B-JU","AP-R-NV","AOAP",-0.0015,-0.2337,0.1938
56,"AO-B-JU","AP-X-JU1","AOAP",-0.0338,-0.236,0.2635
57,"AO-B-JU","CR-B-LV","AOCR",0.0028,-0.1733,0.2193
58,"AO-B-JU","CR-B-VO","AOCR",-0.1155,-0.2933,0.0298
59,"AO-B-JU","CR-R-CR","AOCR",-0.1728,-0.3562,0.0565
60,"AO-B-JU","CR-R-MP","AOCR",-0.0612,-0.2935,0.1403
61,"AO-B-JU","LV-B-CR","AOLV",-0.0049,-0.2281,0.2326
62,"AO-B-JU","LV-B-MO","AOLV",-0.1047,-0.3398,0.1351
63,"AO-B-JU","LV-B-VO","AOLV",0.011,-0.2423,0.2888
64,"AO-B-JU","LV-R-NV","AOLV",0.1948,-0.1769,0.5807
65,"AO-B-JU","LV-X-INB","AOLV",0.1332,-0.1034,0.2779
66,"AO-B-JU","MO-B-LV","AOMO",0.129,-0.2155,0.432
67,"AO-B-JU","MO-R-NV","AOMO",-0.2047,-0.373,-0.0098
68,"AO-B-JU","NV-B-AP","AONV",-0.1604,-0.3493,0.0746
69,"AO-B-JU","NV-B-CR","AONV",-0.1068,-0.3694,0.0983
70,"AO-B-JU","NV-B-LV","AONV",-0.1258,-0.2931,0.0809
71,"AO-B-JU","NV-B-MO","AONV",0.3077,-0.0506,0.6933
72,"AO-B-JU","NV-B-MP","AONV",0.0736,-0.1853,0.4397
73,"AO-B-JU","NV-B-NV","AONV",0.003,-0.19,0.2275
74,"AO-B-JU","NV-B-NV2","AONV",0.2191,-0.1267,0.527
75,"AO-B-JU","NV-B-VP","AONV",0.0625,-0.1947,0.2885
76,"AO-B-JU","NV-R-JU","AONV",-0.0235,-0.1267,0.1466
77,"AO-B-JU","NV-R-JU1","AONV",-0.0198,-0.244,0.2454
78,"AO-B-JU","NV-R-JU2","AONV",-0.1209,-0.393,0.1781
79,"AO-B-JU","NV-R-LV","AONV",0.1216,-0.1976,0.4057
80,"AO-B-JU","NV-R-VO","AONV",0.0206,-0.2485,0.2524
81,"AO-B-JU","VO-B-AP","AOVO",-0.1201,-0.3289,0.1236
82,"AO-B-JU","VO-B-JU","AOVO",0.191,-0.1749,0.4463
83,"AO-B-JU","VO-B-MO","AOVO",-0.266,-0.3831,-0.1333
84,"AO-B-JU","VO-R-AO","AOVO",-0.1506,-0.3319,0.0503
85,"AO-B-JU","VO-R-JU1","AOVO",-0.0052,-0.2392,0.2641
86,"AO-B-JU","VO-R-JU2","AOVO",0.044,-0.2197,0.2443
87,"AO-B-JU","VO-R-LV","AOVO",-0.0506,-0.2646,0.1076
88,"AO-B-NV","AO-R-CR","AOAO",0.3621,0.2873,0.4159
89,"AO-B-NV","AO-R-NV","AOAO",0.0405,-0.1656,0.2353
90,"AO-B-NV","AP-B-AO","AOAP",-0.2048,-0.3939,0.0897
91,"AO-B-NV","AP-B-CR","AOAP",-0.1436,-0.3085,0.0696
92,"AO-B-NV","AP-B-LV","AOAP",-0.0241,-0.2402,0.2384
93,"AO-B-NV","AP-B-MO","AOAP",-0.1443,-0.3823,0.1346
94,"AO-B-NV","AP-B-OX","AOAP",-0.0345,-0.2024,0.1161
95,"AO-B-NV","AP-R-AP","AOAP",-0.2105,-0.4091,0.0328
96,"AO-B-NV","AP-R-JU","AOAP",-0.2032,-0.4267,0.0323
97,"AO-B-NV","AP-R-NV","AOAP",-0.1287,-0.31,0.0835
98,"AO-B-NV","AP-X-JU1","AOAP",-0.1475,-0.315,0.0891
99,"AO-B-NV","CR-B-LV","AOCR",-0.2291,-0.4782,0.0098
100,"AO-B-NV","CR-B-VO","AOCR",-0.0588,-0.34,0.1398
101,"AO-B-NV","CR-R-CR","AOCR",0.0585,-0.3443,0.4097
102,"AO-B-NV","CR-R-MP","AOCR",0.2323,-0.0604,0.4938
103,"AO-B-NV","LV-B-CR","AOLV",-0.125,-0.297,0.1006
104,"AO-B-NV","LV-B-MO","AOLV",0.0029,-0.2926,0.32
105,"AO-B-NV","LV-B-VO","AOLV",0.0013,-0.1928,0.1949
106,"AO-B-NV","LV-R-NV","AOLV",0,-0.22,0.2237
107,"AO-B-NV","LV-X-INB","AOLV",-0.2102,-0.3902,0.003
108,"AO-B-NV","MO-B-LV","AOMO",-0.1532,-0.3308,0.0822
109,"AO-B-NV","MO-R-NV","AOMO",0.0605,-0.1149,0.2405
110,"AO-B-NV","NV-B-AP","AONV",0.169,-0.1431,0.3969
111,"AO-B-NV","NV-B-CR","AONV",0.1589,-0.2343,0.4865
112,"AO-B-NV","NV-B-LV","AONV",0.2333,0.0898,0.4537
113,"AO-B-NV","NV-B-MO","AONV",-0.1043,-0.3235,0.1881
114,"AO-B-NV","NV-B-MP","AONV",-0.2587,-0.4136,-0.0659
115,"AO-B-NV","NV-B-NV","AONV",0.1124,-0.1832,0.4789
116,"AO-B-NV","NV-B-NV2","AONV",0.071,-0.1503,0.2804
117,"AO-B-NV","NV-B-VP","AONV",-0.0126,-0.2608,0.2755
118,"AO-B-NV","NV-R-JU","AONV",-0.0902,-0.2758,0.106
119,"AO-B-NV","NV-R-JU1","AONV",0.259,0.0142,0.4819
120,"AO-B-NV","NV-R-JU2","AONV",0.2363,-0.0035,0.4393
121,"AO-B-NV","NV-R-LV","AONV",-0.2008,-0.4179,0.0365
122,"AO-B-NV","NV-R-VO","AONV",-0.285,-0.4976,-0.1203
123,"AO-B-NV","VO-B-AP","AOVO",-0.1669,-0.3199,-0.015
124,"AO-B-NV","VO-B-JU","AOVO",-0.0186,-0.1936,0.1812
125,"AO-B-NV","VO-B-MO","AOVO",-0.1958,-0.4306,0.0738
126,"AO-B-NV","VO-R-AO","AOVO",-0.0857,-0.2804,0.1159
127,"AO-B-NV","VO-R-JU1","AOVO",-0.1325,-0.3174,0.0789
128,"AO-B-NV","VO-R-JU2","AOVO",-0.0303,-0.2527,0.1728
129,"AO-B-NV","VO-R-LV","AOVO",0.0083,-0.2,0.3182
130,"AO-R-CR","AO-R-NV","AOAO",0.5337,0.4168,0.6944
131,"AO-R-CR","AP-B-AO","AOAP",-0.1892,-0.3118,0.004
132,"AO-R-CR","AP-B-CR","AOAP",-0.2451,-0.5185,-0.0425
133,"AO-R-CR","AP-B-LV","AOAP",0.0612,-0.1793,0.3366
134,"AO-R-CR","AP-B-MO","AOAP",-0.0086,-0.2989,0.3228
135,"AO-R-CR","AP-B-OX","AOAP",-0.1835,-0.462,0.0074
136,"AO-R-CR","AP-R-AP","AOAP",-0.3603,-0.4867,-0.2741
137,"AO-R-CR","AP-R-JU","AOAP",-0.1875,-0.3165,-0.0328
138,"AO-R-CR","AP-R-NV","AOAP",-0.2337,-0.3517,-0.0791
139,"AO-R-CR","AP-X-JU1","AOAP",-0.1879,-0.3125,-0.0519
140,"AO-R-CR","CR-B-LV","AOCR",0.0161,-0.1851,0.3058
141,"AO-R-CR","CR-B-VO","AOCR",-0.0949,-0.3789,0.1869
142,"AO-R-CR","CR-R-CR","AOCR",-0.0325,-0.1906,0.1324
143,"AO-R-CR","CR-R-MP","AOCR",0.1417,-0.1023,0.3182
144,"AO-R-CR","LV-B-CR","AOLV",0.0674,-0.1962,0.3246
145,"AO-R-CR","LV-B-MO","AOLV",0.132,-0.105,0.319
146,"AO-R-CR","LV-B-VO","AOLV",0.1463,-0.1783,0.4351
147,"AO-R-CR","LV-R-NV","AOLV",0.1944,-0.143,0.5089
148,"AO-R-CR","LV-X-INB","AOLV",0.0715,-0.2273,0.3096
149,"AO-R-CR","MO-B-LV","AOMO",-0.0295,-0.247,0.2111
150,"AO-R-CR","MO-R-NV","AOMO",-0.3034,-0.4345,-0.1929
151,"AO-R-CR","NV-B-AP","AONV",-0.2648,-0.3804,-0.1594
152,"AO-R-CR","NV-B-CR","AONV",-0.0326,-0.1828,0.1921
153,"AO-R-CR","NV-B-LV","AONV",-0.2245,-0.4035,-0.0778
154,"AO-R-CR","NV-B-MO","AONV",-0.0843,-0.4236,0.3341
155,"AO-R-CR","NV-B-MP","AONV",-0.2445,-0.4382,-0.1071
156,"AO-R-CR","NV-B-NV","AONV",-0.1672,-0.3225,0.0224
157,"AO-R-CR","NV-B-NV2","AONV",0.1566,-0.1384,0.5046
158,"AO-R-CR","NV-B-VP","AONV",-0.0515,-0.2733,0.1687
159,"AO-R-CR","NV-R-JU","AONV",-0.0699,-0.2703,0.1552
160,"AO-R-CR","NV-R-JU1","AONV",-0.241,-0.4183,-0.0795
161,"AO-R-CR","NV-R-JU2","AONV",-0.0976,-0.3343,0.1925
162,"AO-R-CR","NV-R-LV","AONV",-0.1227,-0.3189,0.0237
163,"AO-R-CR","NV-R-VO","AONV",-0.1218,-0.2897,0.0755
164,"AO-R-CR","VO-B-AP","AOVO",-0.1525,-0.2838,0.0014
165,"AO-R-CR","VO-B-JU","AOVO",0.1909,-0.1209,0.5681
166,"AO-R-CR","VO-B-MO","AOVO",-0.1821,-0.3861,0.1155
167,"AO-R-CR","VO-R-AO","AOVO",-0.2442,-0.4315,-0.0235
168,"AO-R-CR","VO-R-JU1","AOVO",-0.1142,-0.3171,0.0781
169,"AO-R-CR","VO-R-JU2","AOVO",-0.1966,-0.3473,0.0044
170,"AO-R-CR","VO-R-LV","AOVO",-0.1605,-0.3968,0.0685
171,"AO-R-NV","AP-B-AO","AOAP",-0.1137,-0.2966,0.1013
172,"AO-R-NV","AP-B-CR","AOAP",-0.1799,-0.4183,0.033
173,"AO-R-NV","AP-B-LV","AOAP",0.3735,0.0992,0.6736
174,"AO-R-NV","AP-B-MO","AOAP",0.344,0.0951,0.556
175,"AO-R-NV","AP-B-OX","AOAP",-0.1157,-0.3152,0.1176
176,"AO-R-NV","AP-R-AP","AOAP",-0.3121,-0.4639,-0.1453
177,"AO-R-NV","AP-R-JU","AOAP",-0.112,-0.3724,0.1028
178,"AO-R-NV","AP-R-NV","AOAP",-0.0274,-0.2729,0.1909
179,"AO-R-NV","AP-X-JU1","AOAP",-0.1203,-0.3458,0.1076
180,"AO-R-NV","CR-B-LV","AOCR",0.0426,-0.1134,0.2394
181,"AO-R-NV","CR-B-VO","AOCR",-0.1408,-0.3451,0.0349
182,"AO-R-NV","CR-R-CR","AOCR",-0.0112,-0.1538,0.1831
183,"AO-R-NV","CR-R-MP","AOCR",0.1156,-0.0791,0.3445
184,"AO-R-NV","LV-B-CR","AOLV",0.2924,0.0744,0.3996
185,"AO-R-NV","LV-B-MO","AOLV",0.0489,-0.1328,0.2668
186,"AO-R-NV","LV-B-VO","AOLV",0.121,-0.1383,0.3973
187,"AO-R-NV","LV-R-NV","AOLV",0.0486,-0.2063,0.401
188,"AO-R-NV","LV-X-INB","AOLV",0.1089,-0.1688,0.4051
189,"AO-R-NV","MO-B-LV","AOMO",-0.1873,-0.3578,0.0239
190,"AO-R-NV","MO-R-NV","AOMO",-0.0922,-0.2562,0.122
191,"AO-R-NV","NV-B-AP","AONV",-0.2676,-0.3966,-0.1297
192,"AO-R-NV","NV-B-CR","AONV",-0.0126,-0.2649,0.2553
193,"AO-R-NV","NV-B-LV","AONV",-0.0189,-0.3298,0.2754
194,"AO-R-NV","NV-B-MO","AONV",-0.0664,-0.2124,0.1679
195,"AO-R-NV","NV-B-MP","AONV",-0.2449,-0.3941,-0.0491
196,"AO-R-NV","NV-B-NV","AONV",-0.0227,-0.1698,0.1374
197,"AO-R-NV","NV-B-NV2","AONV",0.1327,-0.1111,0.3431
198,"AO-R-NV","NV-B-VP","AONV",0.0382,-0.2306,0.2761
199,"AO-R-NV","NV-R-JU","AONV",-0.0506,-0.1808,0.1192
200,"AO-R-NV","NV-R-JU1","AONV",-0.1756,-0.4373,0.0769
201,"AO-R-NV","NV-R-JU2","AONV",-0.0143,-0.264,0.3393
202,"AO-R-NV","NV-R-LV","AONV",-0.1787,-0.3552,-0.012
203,"AO-R-NV","NV-R-VO","AONV",-0.0556,-0.275,0.1823
204,"AO-R-NV","VO-B-AP","AOVO",-0.1443,-0.3142,0.1509
205,"AO-R-NV","VO-B-JU","AOVO",0.0315,-0.3033,0.2506
206,"AO-R-NV","VO-B-MO","AOVO",-0.2941,-0.4072,-0.1811
207,"AO-R-NV","VO-R-AO","AOVO",-0.1135,-0.3026,0.1892
208,"AO-R-NV","VO-R-JU1","AOVO",-0.1688,-0.3799,0.0266
209,"AO-R-NV","VO-R-JU2","AOVO",0.0888,-0.1655,0.3499
210,"AO-R-NV","VO-R-LV","AOVO",-0.0791,-0.31,0.2469
211,"AP-B-AO","AP-B-CR","APAP",0.1986,0.0378,0.3306
212,"AP-B-AO","AP-B-LV","APAP",0.413,0.2241,0.6195
213,"AP-B-AO","AP-B-MO","APAP",0.1364,-0.0255,0.3158
214,"AP-B-AO","AP-B-OX","APAP",0.1228,-0.1407,0.3646
215,"AP-B-AO","AP-R-AP","APAP",0.3797,0.3101,0.4581
216,"AP-B-AO","AP-R-JU","APAP",0.479,0.1229,0.7372
217,"AP-B-AO","AP-R-NV","APAP",0.4218,0.114,0.6994
218,"AP-B-AO","AP-X-JU1","APAP",0.8239,0.6942,1
219,"AP-B-AO","CR-B-LV","APCR",0.1583,-0.1512,0.5045
220,"AP-B-AO","CR-B-VO","APCR",0.1488,-0.0144,0.3539
221,"AP-B-AO","CR-R-CR","APCR",0.1066,-0.1365,0.3304
222,"AP-B-AO","CR-R-MP","APCR",-0.0851,-0.31,0.1852
223,"AP-B-AO","LV-B-CR","APLV",0.031,-0.1345,0.2346
224,"AP-B-AO","LV-B-MO","APLV",-0.1805,-0.3521,-0.0248
225,"AP-B-AO","LV-B-VO","APLV",0.048,-0.2258,0.3404
226,"AP-B-AO","LV-R-NV","APLV",-0.1952,-0.3933,0.0632
227,"AP-B-AO","LV-X-INB","APLV",0.03,-0.1769,0.2284
228,"AP-B-AO","MO-B-LV","APMO",-0.0667,-0.3185,0.1727
229,"AP-B-AO","MO-R-NV","APMO",-0.0884,-0.3561,0.2202
230,"AP-B-AO","NV-B-AP","APNV",-0.1824,-0.3463,0.0085
231,"AP-B-AO","NV-B-CR","APNV",-0.1264,-0.3261,0.0794
232,"AP-B-AO","NV-B-LV","APNV",-0.211,-0.3618,-0.0542
233,"AP-B-AO","NV-B-MO","APNV",-0.2639,-0.4495,0.0041
234,"AP-B-AO","NV-B-MP","APNV",-0.1626,-0.3519,0.0832
235,"AP-B-AO","NV-B-NV","APNV",-0.0235,-0.262,0.213
236,"AP-B-AO","NV-B-NV2","APNV",-0.0028,-0.2209,0.2335
237,"AP-B-AO","NV-B-VP","APNV",-0.0952,-0.2857,0.1522
238,"AP-B-AO","NV-R-JU","APNV",0.016,-0.1688,0.2269
239,"AP-B-AO","NV-R-JU1","APNV",-0.2901,-0.4555,-0.1312
240,"AP-B-AO","NV-R-JU2","APNV",-0.2059,-0.3902,-0.0148
241,"AP-B-AO","NV-R-LV","APNV",-0.2996,-0.4231,-0.1635
242,"AP-B-AO","NV-R-VO","APNV",-0.1072,-0.2905,0.0982
243,"AP-B-AO","VO-B-AP","APVO",-0.247,-0.3627,-0.0991
244,"AP-B-AO","VO-B-JU","APVO",-0.232,-0.3534,-0.0835
245,"AP-B-AO","VO-B-MO","APVO",-0.0019,-0.1921,0.2328
246,"AP-B-AO","VO-R-AO","APVO",-0.1088,-0.2615,0.0541
247,"AP-B-AO","VO-R-JU1","APVO",-0.1605,-0.322,-0.029
248,"AP-B-AO","VO-R-JU2","APVO",-0.0503,-0.2395,0.2347
249,"AP-B-AO","VO-R-LV","APVO",-0.2108,-0.4286,-0.0186
250,"AP-B-CR","AP-B-LV","APAP",-0.2945,-0.4624,-0.0143
251,"AP-B-CR","AP-B-MO","APAP",-0.0526,-0.3855,0.2446
252,"AP-B-CR","AP-B-OX","APAP",0.6665,0.3567,0.9061
253,"AP-B-CR","AP-R-AP","APAP",0.5167,0.3714,0.648
254,"AP-B-CR","AP-R-JU","APAP",0.0766,-0.1516,0.3439
255,"AP-B-CR","AP-R-NV","APAP",0.0885,-0.1047,0.3053
256,"AP-B-CR","AP-X-JU1","APAP",0.1073,-0.1183,0.2866
257,"AP-B-CR","CR-B-LV","APCR",-0.0273,-0.2807,0.2246
258,"AP-B-CR","CR-B-VO","APCR",0.1357,-0.095,0.3919
259,"AP-B-CR","CR-R-CR","APCR",-0.1879,-0.4295,0.0489
260,"AP-B-CR","CR-R-MP","APCR",-0.1477,-0.3745,0.1686
261,"AP-B-CR","LV-B-CR","APLV",-0.092,-0.3799,0.2541
262,"AP-B-CR","LV-B-MO","APLV",-0.2849,-0.457,-0.1091
263,"AP-B-CR","LV-B-VO","APLV",-0.0814,-0.3599,0.1244
264,"AP-B-CR","LV-R-NV","APLV",-0.0782,-0.2874,0.0693
265,"AP-B-CR","LV-X-INB","APLV",0.021,-0.1481,0.2272
266,"AP-B-CR","MO-B-LV","APMO",0.0909,-0.1014,0.2816
267,"AP-B-CR","MO-R-NV","APMO",-0.0905,-0.3369,0.137
268,"AP-B-CR","NV-B-AP","APNV",-0.2445,-0.4442,0.0315
269,"AP-B-CR","NV-B-CR","APNV",-0.2872,-0.4381,-0.0909
270,"AP-B-CR","NV-B-LV","APNV",-0.1461,-0.4093,0.1515
271,"AP-B-CR","NV-B-MO","APNV",0.2463,0.0405,0.4671
272,"AP-B-CR","NV-B-MP","APNV",0.0974,-0.1089,0.317
273,"AP-B-CR","NV-B-NV","APNV",-0.2105,-0.3389,-0.0457
274,"AP-B-CR","NV-B-NV2","APNV",-0.0686,-0.2706,0.2363
275,"AP-B-CR","NV-B-VP","APNV",0.1469,-0.1469,0.4486
276,"AP-B-CR","NV-R-JU","APNV",0.0702,-0.0722,0.2308
277,"AP-B-CR","NV-R-JU1","APNV",-0.1068,-0.3808,0.2603
278,"AP-B-CR","NV-R-JU2","APNV",-0.3218,-0.5,-0.1421
279,"AP-B-CR","NV-R-LV","APNV",-0.0444,-0.2054,0.1095
280,"AP-B-CR","NV-R-VO","APNV",0.1438,-0.1921,0.4031
281,"AP-B-CR","VO-B-AP","APVO",0.0172,-0.1842,0.2618
282,"AP-B-CR","VO-B-JU","APVO",0.0191,-0.3093,0.2272
283,"AP-B-CR","VO-B-MO","APVO",-0.1668,-0.3104,-0.0106
284,"AP-B-CR","VO-R-AO","APVO",0.0071,-0.2719,0.3506
285,"AP-B-CR","VO-R-JU1","APVO",0.0244,-0.2228,0.2111
286,"AP-B-CR","VO-R-JU2","APVO",0.0696,-0.1851,0.3032
287,"AP-B-CR","VO-R-LV","APVO",0.1749,-0.1489,0.5831
288,"AP-B-LV","AP-B-MO","APAP",0.3831,-0.0431,0.7089
289,"AP-B-LV","AP-B-OX","APAP",-0.2865,-0.4972,-0.0091
290,"AP-B-LV","AP-R-AP","APAP",-0.2406,-0.4791,0.0148
291,"AP-B-LV","AP-R-JU","APAP",0.3488,0.229,0.4694
292,"AP-B-LV","AP-R-NV","APAP",0.3576,0.2534,0.4813
293,"AP-B-LV","AP-X-JU1","APAP",0.2955,0.0341,0.5494
294,"AP-B-LV","CR-B-LV","APCR",0.0381,-0.1659,0.2298
295,"AP-B-LV","CR-B-VO","APCR",0.0353,-0.1941,0.3297
296,"AP-B-LV","CR-R-CR","APCR",0.1661,-0.0714,0.3896
297,"AP-B-LV","CR-R-MP","APCR",0.1064,-0.1894,0.3365
298,"AP-B-LV","LV-B-CR","APLV",0.2127,-0.1057,0.5312
299,"AP-B-LV","LV-B-MO","APLV",0.0443,-0.2963,0.372
300,"AP-B-LV","LV-B-VO","APLV",-0.079,-0.3113,0.2264
301,"AP-B-LV","LV-R-NV","APLV",-0.0159,-0.2921,0.2096
302,"AP-B-LV","LV-X-INB","APLV",0.0993,-0.1185,0.2639
303,"AP-B-LV","MO-B-LV","APMO",-0.0667,-0.2955,0.2137
304,"AP-B-LV","MO-R-NV","APMO",-0.0884,-0.3618,0.1022
305,"AP-B-LV","NV-B-AP","APNV",-0.0433,-0.1973,0.1234
306,"AP-B-LV","NV-B-CR","APNV",0.0989,-0.1731,0.3362
307,"AP-B-LV","NV-B-LV","APNV",-0.0198,-0.2203,0.2601
308,"AP-B-LV","NV-B-MO","APNV",-0.2639,-0.4476,-0.0219
309,"AP-B-LV","NV-B-MP","APNV",-0.2994,-0.4617,-0.116
310,"AP-B-LV","NV-B-NV","APNV",0.0405,-0.1258,0.1765
311,"AP-B-LV","NV-B-NV2","APNV",0.0599,-0.143,0.3504
312,"AP-B-LV","NV-B-VP","APNV",-0.0952,-0.3063,0.1318
313,"AP-B-LV","NV-R-JU","APNV",-0.1152,-0.2418,0.0143
314,"AP-B-LV","NV-R-JU1","APNV",-0.1672,-0.393,0.0476
315,"AP-B-LV","NV-R-JU2","APNV",-0.0155,-0.3433,0.3166
316,"AP-B-LV","NV-R-LV","APNV",-0.2996,-0.4481,-0.0835
317,"AP-B-LV","NV-R-VO","APNV",-0.1599,-0.4139,0.1879
318,"AP-B-LV","VO-B-AP","APVO",-0.3012,-0.4045,-0.1768
319,"AP-B-LV","VO-B-JU","APVO",-0.2968,-0.4817,-0.0385
320,"AP-B-LV","VO-B-MO","APVO",-0.0019,-0.1881,0.1975
321,"AP-B-LV","VO-R-AO","APVO",-0.1088,-0.312,0.1867
322,"AP-B-LV","VO-R-JU1","APVO",-0.2894,-0.499,0.0141
323,"AP-B-LV","VO-R-JU2","APVO",0.0153,-0.251,0.2117
324,"AP-B-LV","VO-R-LV","APVO",-0.2108,-0.4005,-0.029
325,"AP-B-MO","AP-B-OX","APAP",-0.0569,-0.4421,0.3427
326,"AP-B-MO","AP-R-AP","APAP",-0.2358,-0.4507,0.017
327,"AP-B-MO","AP-R-JU","APAP",0.0144,-0.2422,0.2346
328,"AP-B-MO","AP-R-NV","APAP",-0.0338,-0.2739,0.2403
329,"AP-B-MO","AP-X-JU1","APAP",0.1067,-0.118,0.3101
330,"AP-B-MO","CR-B-LV","APCR",0.0863,-0.117,0.2582
331,"AP-B-MO","CR-B-VO","APCR",0.027,-0.2187,0.2373
332,"AP-B-MO","CR-R-CR","APCR",-0.1321,-0.2653,0.0888
333,"AP-B-MO","CR-R-MP","APCR",-0.1484,-0.369,0.0775
334,"AP-B-MO","LV-B-CR","APLV",0.2524,0.051,0.5418
335,"AP-B-MO","LV-B-MO","APLV",0.0357,-0.1964,0.3686
336,"AP-B-MO","LV-B-VO","APLV",-0.2024,-0.4429,0.0964
337,"AP-B-MO","LV-R-NV","APLV",-0.0221,-0.2364,0.203
338,"AP-B-MO","LV-X-INB","APLV",0.0203,-0.2008,0.2324
339,"AP-B-MO","MO-B-LV","APMO",-0.0166,-0.215,0.2377
340,"AP-B-MO","MO-R-NV","APMO",-0.0913,-0.3262,0.1451
341,"AP-B-MO","NV-B-AP","APNV",-0.1799,-0.3897,-0.0024
342,"AP-B-MO","NV-B-CR","APNV",0.1413,-0.1342,0.5179
343,"AP-B-MO","NV-B-LV","APNV",-0.1469,-0.4038,0.0512
344,"AP-B-MO","NV-B-MO","APNV",-0.0684,-0.297,0.119
345,"AP-B-MO","NV-B-MP","APNV",-0.0968,-0.3014,0.1429
346,"AP-B-MO","NV-B-NV","APNV",0.1521,-0.1482,0.4541
347,"AP-B-MO","NV-B-NV2","APNV",-0.1287,-0.3736,0.0909
348,"AP-B-MO","NV-B-VP","APNV",0.2073,0.0069,0.3678
349,"AP-B-MO","NV-R-JU","APNV",0.0076,-0.1265,0.1504
350,"AP-B-MO","NV-R-JU1","APNV",-0.2824,-0.4754,-0.0049
351,"AP-B-MO","NV-R-JU2","APNV",-0.1423,-0.3601,0.1276
352,"AP-B-MO","NV-R-LV","APNV",-0.1066,-0.2886,0.0823
353,"AP-B-MO","NV-R-VO","APNV",0.1937,-0.1419,0.5044
354,"AP-B-MO","VO-B-AP","APVO",-0.0868,-0.254,0.095
355,"AP-B-MO","VO-B-JU","APVO",-0.1043,-0.3628,0.1946
356,"AP-B-MO","VO-B-MO","APVO",-0.0083,-0.221,0.29
357,"AP-B-MO","VO-R-AO","APVO",-0.1104,-0.3556,0.1684
358,"AP-B-MO","VO-R-JU1","APVO",-0.1593,-0.3329,0.0349
359,"AP-B-MO","VO-R-JU2","APVO",0.1931,-0.0385,0.4065
360,"AP-B-MO","VO-R-LV","APVO",-0.2068,-0.4526,0.0548
361,"AP-B-OX","AP-R-AP","APAP",0.5385,0.3908,0.6757
362,"AP-B-OX","AP-R-JU","APAP",-0.1681,-0.3158,0.087
363,"AP-B-OX","AP-R-NV","APAP",0.0192,-0.1726,0.185
364,"AP-B-OX","AP-X-JU1","APAP",0.2021,-0.0918,0.4318
365,"AP-B-OX","CR-B-LV","APCR",-0.1413,-0.3721,0.1405
366,"AP-B-OX","CR-B-VO","APCR",0.0716,-0.1682,0.2779
367,"AP-B-OX","CR-R-CR","APCR",-0.2395,-0.4634,-0.0039
368,"AP-B-OX","CR-R-MP","APCR",-0.0899,-0.3846,0.1589
369,"AP-B-OX","LV-B-CR","APLV",-0.0942,-0.3688,0.1182
370,"AP-B-OX","LV-B-MO","APLV",-0.2273,-0.3906,-0.0471
371,"AP-B-OX","LV-B-VO","APLV",-0.1414,-0.3204,0.0769
372,"AP-B-OX","LV-R-NV","APLV",-0.1351,-0.3205,0.0728
373,"AP-B-OX","LV-X-INB","APLV",-0.0494,-0.2046,0.0934
374,"AP-B-OX","MO-B-LV","APMO",0.1317,-0.1385,0.4602
375,"AP-B-OX","MO-R-NV","APMO",-0.0324,-0.2705,0.1841
376,"AP-B-OX","NV-B-AP","APNV",-0.1769,-0.3703,-0.0063
377,"AP-B-OX","NV-B-CR","APNV",-0.2294,-0.4509,0.0353
378,"AP-B-OX","NV-B-LV","APNV",-0.0312,-0.2799,0.28
379,"AP-B-OX","NV-B-MO","APNV",0.1667,-0.048,0.3628
380,"AP-B-OX","NV-B-MP","APNV",0.0237,-0.19,0.2333
381,"AP-B-OX","NV-B-NV","APNV",-0.2069,-0.3872,-0.0235
382,"AP-B-OX","NV-B-NV2","APNV",-0.0157,-0.2091,0.191
383,"AP-B-OX","NV-B-VP","APNV",0.1902,-0.0465,0.3914
384,"AP-B-OX","NV-R-JU","APNV",0.177,-0.085,0.4234
385,"AP-B-OX","NV-R-JU1","APNV",-0.053,-0.2923,0.2246
386,"AP-B-OX","NV-R-JU2","APNV",-0.2555,-0.4537,-0.092
387,"AP-B-OX","NV-R-LV","APNV",0.0091,-0.2686,0.2378
388,"AP-B-OX","NV-R-VO","APNV",-0.0129,-0.3781,0.4104
389,"AP-B-OX","VO-B-AP","APVO",0.0599,-0.0992,0.2909
390,"AP-B-OX","VO-B-JU","APVO",0.011,-0.2245,0.1574
391,"AP-B-OX","VO-B-MO","APVO",-0.2669,-0.3807,-0.125
392,"AP-B-OX","VO-R-AO","APVO",0,-0.2493,0.2994
393,"AP-B-OX","VO-R-JU1","APVO",0.074,-0.1118,0.2118
394,"AP-B-OX","VO-R-JU2","APVO",0.1176,-0.0934,0.333
395,"AP-B-OX","VO-R-LV","APVO",0.1583,-0.1725,0.4564
396,"AP-R-AP","AP-R-JU","APAP",0.4368,0.3125,0.5962
397,"AP-R-AP","AP-R-NV","APAP",0.4434,0.2944,0.5955
398,"AP-R-AP","AP-X-JU1","APAP",0.3825,0.1628,0.5446
399,"AP-R-AP","CR-B-LV","APCR",-0.0508,-0.3554,0.2695
400,"AP-R-AP","CR-B-VO","APCR",0.2009,-0.0942,0.5779
401,"AP-R-AP","CR-R-CR","APCR",-0.1986,-0.4037,0.0454
402,"AP-R-AP","CR-R-MP","APCR",-0.2177,-0.4812,0.0012
403,"AP-R-AP","LV-B-CR","APLV",-0.1105,-0.3636,0.104
404,"AP-R-AP","LV-B-MO","APLV",-0.1888,-0.4507,-0.0075
405,"AP-R-AP","LV-B-VO","APLV",-0.0465,-0.2146,0.1818
406,"AP-R-AP","LV-R-NV","APLV",-0.2544,-0.3226,-0.1788
407,"AP-R-AP","LV-X-INB","APLV",-0.0099,-0.2996,0.241
408,"AP-R-AP","MO-B-LV","APMO",0.0104,-0.2471,0.2972
409,"AP-R-AP","MO-R-NV","APMO",-0.0526,-0.238,0.1139
410,"AP-R-AP","NV-B-AP","APNV",-0.1921,-0.3529,0.0357
411,"AP-R-AP","NV-B-CR","APNV",-0.2404,-0.4483,-0.0322
412,"AP-R-AP","NV-B-LV","APNV",-0.1609,-0.4188,0.1987
413,"AP-R-AP","NV-B-MO","APNV",-0.0325,-0.2322,0.1606
414,"AP-R-AP","NV-B-MP","APNV",0.0013,-0.2007,0.2168
415,"AP-R-AP","NV-B-NV","APNV",-0.1091,-0.2567,0.0566
416,"AP-R-AP","NV-B-NV2","APNV",-0.1985,-0.3583,0.028
417,"AP-R-AP","NV-B-VP","APNV",-0.0043,-0.2978,0.3158
418,"AP-R-AP","NV-R-JU","APNV",0.0365,-0.1708,0.2923
419,"AP-R-AP","NV-R-JU1","APNV",-0.1779,-0.4375,0.2031
420,"AP-R-AP","NV-R-JU2","APNV",-0.2118,-0.388,0.0116
421,"AP-R-AP","NV-R-LV","APNV",-0.1805,-0.2981,-0.016
422,"AP-R-AP","NV-R-VO","APNV",-0.17,-0.3201,0.0083
423,"AP-R-AP","VO-B-AP","APVO",-0.0075,-0.2021,0.2099
424,"AP-R-AP","VO-B-JU","APVO",-0.0661,-0.2475,0.2231
425,"AP-R-AP","VO-B-MO","APVO",-0.0802,-0.2364,0.1388
426,"AP-R-AP","VO-R-AO","APVO",0.034,-0.2577,0.3559
427,"AP-R-AP","VO-R-JU1","APVO",-0.0608,-0.316,0.2258
428,"AP-R-AP","VO-R-JU2","APVO",-0.1342,-0.2514,0.0439
429,"AP-R-AP","VO-R-LV","APVO",0.0734,-0.2518,0.4217
430,"AP-R-JU","AP-R-NV","APAP",0.551,0.0985,0.8656
431,"AP-R-JU","AP-X-JU1","APAP",0.2964,-0.0314,0.6135
432,"AP-R-JU","CR-B-LV","APCR",0.0994,-0.2933,0.4578
433,"AP-R-JU","CR-B-VO","APCR",0.1499,-0.1696,0.3139
434,"AP-R-JU","CR-R-CR","APCR",0.1077,-0.1079,0.3423
435,"AP-R-JU","CR-R-MP","APCR",-0.1473,-0.4123,0.1909
436,"AP-R-JU","LV-B-CR","APLV",0.0323,-0.1159,0.2006
437,"AP-R-JU","LV-B-MO","APLV",-0.0667,-0.3115,0.1748
438,"AP-R-JU","LV-B-VO","APLV",0.1127,-0.2,0.4087
439,"AP-R-JU","LV-R-NV","APLV",-0.134,-0.3576,0.0747
440,"AP-R-JU","LV-X-INB","APLV",0.1007,-0.0866,0.2939
441,"AP-R-JU","MO-B-LV","APMO",0.0467,-0.2209,0.321
442,"AP-R-JU","MO-R-NV","APMO",-0.0868,-0.34,0.2416
443,"AP-R-JU","NV-B-AP","APNV",-0.1111,-0.3196,0.1262
444,"AP-R-JU","NV-B-CR","APNV",-0.0688,-0.2548,0.1408
445,"AP-R-JU","NV-B-LV","APNV",-0.273,-0.457,-0.1242
446,"AP-R-JU","NV-B-MO","APNV",-0.0627,-0.33,0.259
447,"AP-R-JU","NV-B-MP","APNV",-0.0243,-0.2603,0.1988
448,"AP-R-JU","NV-B-NV","APNV",-0.022,-0.3075,0.229
449,"AP-R-JU","NV-B-NV2","APNV",-0.1892,-0.3755,0.0184
450,"AP-R-JU","NV-B-VP","APNV",-0.0936,-0.2962,0.187
451,"AP-R-JU","NV-R-JU","APNV",0.0175,-0.1392,0.172
452,"AP-R-JU","NV-R-JU1","APNV",-0.2883,-0.4714,-0.1481
453,"AP-R-JU","NV-R-JU2","APNV",-0.1408,-0.331,0.0355
454,"AP-R-JU","NV-R-LV","APNV",-0.2329,-0.3524,-0.0884
455,"AP-R-JU","NV-R-VO","APNV",-0.1059,-0.2896,0.0995
456,"AP-R-JU","VO-B-AP","APVO",-0.1372,-0.3196,0.0614
457,"AP-R-JU","VO-B-JU","APVO",-0.1655,-0.3645,0.0274
458,"AP-R-JU","VO-B-MO","APVO",0.2217,-0.0124,0.4142
459,"AP-R-JU","VO-R-AO","APVO",0.0157,-0.2551,0.2264
460,"AP-R-JU","VO-R-JU1","APVO",-0.1588,-0.3724,0.0336
461,"AP-R-JU","VO-R-JU2","APVO",-0.1799,-0.3703,0.0149
462,"AP-R-JU","VO-R-LV","APVO",-0.0746,-0.2839,0.113
463,"AP-R-NV","AP-X-JU1","APAP",0.3629,0.0402,0.6454
464,"AP-R-NV","CR-B-LV","APCR",-0.0672,-0.3627,0.2208
465,"AP-R-NV","CR-B-VO","APCR",-0.0641,-0.31,0.1414
466,"AP-R-NV","CR-R-CR","APCR",-0.0574,-0.2733,0.1474
467,"AP-R-NV","CR-R-MP","APCR",-0.2579,-0.4526,0.1104
468,"AP-R-NV","LV-B-CR","APLV",-0.0153,-0.2061,0.2053
469,"AP-R-NV","LV-B-MO","APLV",-0.2207,-0.3565,-0.0581
470,"AP-R-NV","LV-B-VO","APLV",0.0618,-0.2064,0.4098
471,"AP-R-NV","LV-R-NV","APLV",-0.1788,-0.3702,0.0914
472,"AP-R-NV","LV-X-INB","APLV",-0.0227,-0.2814,0.2241
473,"AP-R-NV","MO-B-LV","APMO",0.0025,-0.2442,0.275
474,"AP-R-NV","MO-R-NV","APMO",-0.0714,-0.2868,0.1696
475,"AP-R-NV","NV-B-AP","APNV",-0.0951,-0.2723,0.1724
476,"AP-R-NV","NV-B-CR","APNV",-0.1674,-0.3356,0.0329
477,"AP-R-NV","NV-B-LV","APNV",-0.0677,-0.2936,0.1552
478,"AP-R-NV","NV-B-MO","APNV",-0.1135,-0.3771,0.0841
479,"AP-R-NV","NV-B-MP","APNV",-0.1444,-0.3725,0.1034
480,"AP-R-NV","NV-B-NV","APNV",-0.0714,-0.3113,0.1964
481,"AP-R-NV","NV-B-NV2","APNV",-0.0501,-0.2373,0.2079
482,"AP-R-NV","NV-B-VP","APNV",-0.079,-0.2857,0.1758
483,"AP-R-NV","NV-R-JU","APNV",0.0309,-0.1672,0.2378
484,"AP-R-NV","NV-R-JU1","APNV",-0.1507,-0.3423,0.1127
485,"AP-R-NV","NV-R-JU2","APNV",-7e-04,-0.1897,0.1931
486,"AP-R-NV","NV-R-LV","APNV",-0.2802,-0.4036,-0.0795
487,"AP-R-NV","NV-R-VO","APNV",-0.1458,-0.3322,0.062
488,"AP-R-NV","VO-B-AP","APVO",-0.1779,-0.3581,0.0851
489,"AP-R-NV","VO-B-JU","APVO",-0.022,-0.3364,0.3213
490,"AP-R-NV","VO-B-MO","APVO",0.011,-0.2423,0.2796
491,"AP-R-NV","VO-R-AO","APVO",0.0891,-0.1203,0.337
492,"AP-R-NV","VO-R-JU1","APVO",-0.2703,-0.4587,-0.0382
493,"AP-R-NV","VO-R-JU2","APVO",-0.2284,-0.4395,0.0139
494,"AP-R-NV","VO-R-LV","APVO",0.0066,-0.2081,0.1743
495,"AP-X-JU1","CR-B-LV","APCR",0.1273,-0.244,0.5249
496,"AP-X-JU1","CR-B-VO","APCR",0.1719,-0.1103,0.5665
497,"AP-X-JU1","CR-R-CR","APCR",-0.0276,-0.2905,0.2303
498,"AP-X-JU1","CR-R-MP","APCR",-0.1516,-0.4001,0.0766
499,"AP-X-JU1","LV-B-CR","APLV",0.0665,-0.1779,0.3028
500,"AP-X-JU1","LV-B-MO","APLV",-0.1802,-0.3303,-0.0081
501,"AP-X-JU1","LV-B-VO","APLV",0.0834,-0.2518,0.4224
502,"AP-X-JU1","LV-R-NV","APLV",-0.1935,-0.4012,0.0605
503,"AP-X-JU1","LV-X-INB","APLV",0.0702,-0.1005,0.251
504,"AP-X-JU1","MO-B-LV","APMO",-0.1276,-0.3457,0.0264
505,"AP-X-JU1","MO-R-NV","APMO",-0.0366,-0.3706,0.2208
506,"AP-X-JU1","NV-B-AP","APNV",-0.0574,-0.2975,0.1562
507,"AP-X-JU1","NV-B-CR","APNV",-0.1308,-0.2923,0.1005
508,"AP-X-JU1","NV-B-LV","APNV",-0.1502,-0.3341,0.0231
509,"AP-X-JU1","NV-B-MO","APNV",-0.255,-0.4329,-0.0345
510,"AP-X-JU1","NV-B-MP","APNV",-0.1028,-0.3329,0.1694
511,"AP-X-JU1","NV-B-NV","APNV",-0.0962,-0.2799,0.1078
512,"AP-X-JU1","NV-B-NV2","APNV",-0.0195,-0.2054,0.1914
513,"AP-X-JU1","NV-B-VP","APNV",-0.0452,-0.2154,0.2057
514,"AP-X-JU1","NV-R-JU","APNV",0.0557,-0.1655,0.2709
515,"AP-X-JU1","NV-R-JU1","APNV",-0.2237,-0.3636,-0.0143
516,"AP-X-JU1","NV-R-JU2","APNV",-0.0885,-0.3329,0.1935
517,"AP-X-JU1","NV-R-LV","APNV",-0.2289,-0.3949,7e-04
518,"AP-X-JU1","NV-R-VO","APNV",-0.0645,-0.2763,0.1774
519,"AP-X-JU1","VO-B-AP","APVO",-0.1418,-0.3706,0.1133
520,"AP-X-JU1","VO-B-JU","APVO",-0.1681,-0.3388,0.0224
521,"AP-X-JU1","VO-B-MO","APVO",0.0339,-0.2469,0.3556
522,"AP-X-JU1","VO-R-AO","APVO",-0.0037,-0.2648,0.2541
523,"AP-X-JU1","VO-R-JU1","APVO",-0.0458,-0.2931,0.2969
524,"AP-X-JU1","VO-R-JU2","APVO",0.1142,-0.1472,0.3534
525,"AP-X-JU1","VO-R-LV","APVO",-0.0865,-0.401,0.2017
526,"CR-B-LV","CR-B-VO","CRCR",0.4715,0.3311,0.5989
527,"CR-B-LV","CR-R-CR","CRCR",-0.0504,-0.285,0.3005
528,"CR-B-LV","CR-R-MP","CRCR",-0.002,-0.2098,0.2573
529,"CR-B-LV","LV-B-CR","CRLV",0.1017,-0.0773,0.3466
530,"CR-B-LV","LV-B-MO","CRLV",0.1618,-0.2072,0.6148
531,"CR-B-LV","LV-B-VO","CRLV",0.0619,-0.3201,0.4059
532,"CR-B-LV","LV-R-NV","CRLV",-0.22,-0.3488,-0.1036
533,"CR-B-LV","LV-X-INB","CRLV",-0.0805,-0.2945,0.1103
534,"CR-B-LV","MO-B-LV","CRMO",-0.2035,-0.3061,-0.0338
535,"CR-B-LV","MO-R-NV","CRMO",0.125,-0.1001,0.3354
536,"CR-B-LV","NV-B-AP","CRNV",-0.2757,-0.4168,-0.1111
537,"CR-B-LV","NV-B-CR","CRNV",-0.0496,-0.311,0.2508
538,"CR-B-LV","NV-B-LV","CRNV",-0.4127,-0.533,-0.2999
539,"CR-B-LV","NV-B-MO","CRNV",0.0816,-0.1968,0.3023
540,"CR-B-LV","NV-B-MP","CRNV",0.1835,-0.153,0.3931
541,"CR-B-LV","NV-B-NV","CRNV",-0.063,-0.2935,0.1631
542,"CR-B-LV","NV-B-NV2","CRNV",0.0148,-0.1878,0.25
543,"CR-B-LV","NV-B-VP","CRNV",-0.1889,-0.3178,-0.0022
544,"CR-B-LV","NV-R-JU","CRNV",-0.088,-0.2393,0.1682
545,"CR-B-LV","NV-R-JU1","CRNV",-0.2516,-0.4614,-0.0545
546,"CR-B-LV","NV-R-JU2","CRNV",-0.2313,-0.4835,-0.0441
547,"CR-B-LV","NV-R-LV","CRNV",-0.0186,-0.2206,0.2217
548,"CR-B-LV","NV-R-VO","CRNV",0.0625,-0.135,0.2972
549,"CR-B-LV","VO-B-AP","CRVO",-0.0636,-0.2613,0.2519
550,"CR-B-LV","VO-B-JU","CRVO",-0.0764,-0.2442,0.1673
551,"CR-B-LV","VO-B-MO","CRVO",0.0657,-0.2281,0.3146
552,"CR-B-LV","VO-R-AO","CRVO",-0.3118,-0.4516,-0.1697
553,"CR-B-LV","VO-R-JU1","CRVO",0.0482,-0.2241,0.276
554,"CR-B-LV","VO-R-JU2","CRVO",-0.0282,-0.1811,0.1298
555,"CR-B-LV","VO-R-LV","CRVO",-0.2371,-0.4634,0.0775
556,"CR-B-VO","CR-R-CR","CRCR",0.0041,-0.1636,0.3444
557,"CR-B-VO","CR-R-MP","CRCR",-0.0025,-0.1906,0.183
558,"CR-B-VO","LV-B-CR","CRLV",0.0426,-0.1771,0.339
559,"CR-B-VO","LV-B-MO","CRLV",-0.1455,-0.3971,0.1547
560,"CR-B-VO","LV-B-VO","CRLV",-0.1084,-0.2891,0.1024
561,"CR-B-VO","LV-R-NV","CRLV",-0.2617,-0.3958,-0.0957
562,"CR-B-VO","LV-X-INB","CRLV",0.0432,-0.2348,0.2826
563,"CR-B-VO","MO-B-LV","CRMO",-0.0448,-0.2455,0.1911
564,"CR-B-VO","MO-R-NV","CRMO",0.0582,-0.1943,0.3043
565,"CR-B-VO","NV-B-AP","CRNV",-0.14,-0.3134,0.1138
566,"CR-B-VO","NV-B-CR","CRNV",-0.2472,-0.3883,-0.0876
567,"CR-B-VO","NV-B-LV","CRNV",-0.1681,-0.2978,0
568,"CR-B-VO","NV-B-MO","CRNV",-0.1546,-0.3171,0.0836
569,"CR-B-VO","NV-B-MP","CRNV",-0.0644,-0.2292,0.1434
570,"CR-B-VO","NV-B-NV","CRNV",-0.1159,-0.2378,0.0052
571,"CR-B-VO","NV-B-NV2","CRNV",-0.0414,-0.3255,0.2643
572,"CR-B-VO","NV-B-VP","CRNV",0.1017,-0.0942,0.315
573,"CR-B-VO","NV-R-JU","CRNV",-0.0266,-0.1818,0.1256
574,"CR-B-VO","NV-R-JU1","CRNV",-0.2388,-0.4151,-0.0809
575,"CR-B-VO","NV-R-JU2","CRNV",-0.1084,-0.3107,0.1459
576,"CR-B-VO","NV-R-LV","CRNV",-0.1314,-0.3018,0.0473
577,"CR-B-VO","NV-R-VO","CRNV",-0.1762,-0.3341,0.0515
578,"CR-B-VO","VO-B-AP","CRVO",-0.2058,-0.3303,-0.0876
579,"CR-B-VO","VO-B-JU","CRVO",-0.1857,-0.329,0
580,"CR-B-VO","VO-B-MO","CRVO",0.2101,-0.2068,0.5673
581,"CR-B-VO","VO-R-AO","CRVO",-0.0798,-0.2471,0.1674
582,"CR-B-VO","VO-R-JU1","CRVO",-0.0674,-0.2676,0.107
583,"CR-B-VO","VO-R-JU2","CRVO",0.0298,-0.1957,0.3305
584,"CR-B-VO","VO-R-LV","CRVO",-0.1075,-0.357,0.1874
585,"CR-R-CR","CR-R-MP","CRCR",0.416,0.0674,0.6617
586,"CR-R-CR","LV-B-CR","CRLV",-0.0019,-0.2464,0.2251
587,"CR-R-CR","LV-B-MO","CRLV",0.0647,-0.1567,0.3706
588,"CR-R-CR","LV-B-VO","CRLV",0.0704,-0.1385,0.2719
589,"CR-R-CR","LV-R-NV","CRLV",-0.2645,-0.3821,-0.0925
590,"CR-R-CR","LV-X-INB","CRLV",-0.1958,-0.3604,-0.0079
591,"CR-R-CR","MO-B-LV","CRMO",-0.09,-0.2808,0.0567
592,"CR-R-CR","MO-R-NV","CRMO",-0.0523,-0.2169,0.1322
593,"CR-R-CR","NV-B-AP","CRNV",0.1789,-0.1897,0.4814
594,"CR-R-CR","NV-B-CR","CRNV",0.063,-0.2652,0.3627
595,"CR-R-CR","NV-B-LV","CRNV",0.0668,-0.2857,0.3587
596,"CR-R-CR","NV-B-MO","CRNV",-0.0916,-0.3408,0.1504
597,"CR-R-CR","NV-B-MP","CRNV",-0.1818,-0.3717,0.0708
598,"CR-R-CR","NV-B-NV","CRNV",0.0052,-0.2199,0.2303
599,"CR-R-CR","NV-B-NV2","CRNV",-0.0338,-0.2957,0.2595
600,"CR-R-CR","NV-B-VP","CRNV",-0.2369,-0.4178,-0.0437
601,"CR-R-CR","NV-R-JU","CRNV",-0.1377,-0.3315,0.0411
602,"CR-R-CR","NV-R-JU1","CRNV",-0.0714,-0.3776,0.1841
603,"CR-R-CR","NV-R-JU2","CRNV",0.2447,-0.1258,0.5241
604,"CR-R-CR","NV-R-LV","CRNV",-0.0092,-0.2262,0.2495
605,"CR-R-CR","NV-R-VO","CRNV",-0.0283,-0.2487,0.2489
606,"CR-R-CR","VO-B-AP","CRVO",-0.1558,-0.3265,0.0856
607,"CR-R-CR","VO-B-JU","CRVO",-0.2442,-0.4876,-0.0549
608,"CR-R-CR","VO-B-MO","CRVO",0.0217,-0.1644,0.2582
609,"CR-R-CR","VO-R-AO","CRVO",0.152,-0.2281,0.4413
610,"CR-R-CR","VO-R-JU1","CRVO",-0.2967,-0.458,-0.079
611,"CR-R-CR","VO-R-JU2","CRVO",-0.1385,-0.2857,0.0232
612,"CR-R-CR","VO-R-LV","CRVO",-0.1028,-0.4265,0.1818
613,"CR-R-MP","LV-B-CR","CRLV",-0.0092,-0.2686,0.1926
614,"CR-R-MP","LV-B-MO","CRLV",0.0067,-0.2406,0.2437
615,"CR-R-MP","LV-B-VO","CRLV",-0.0566,-0.2886,0.1667
616,"CR-R-MP","LV-R-NV","CRLV",-0.1133,-0.3289,0.0526
617,"CR-R-MP","LV-X-INB","CRLV",-0.1512,-0.3759,0.086
618,"CR-R-MP","MO-B-LV","CRMO",-0.1023,-0.2999,0.1536
619,"CR-R-MP","MO-R-NV","CRMO",-0.1308,-0.5,0.1867
620,"CR-R-MP","NV-B-AP","CRNV",0.0483,-0.222,0.3675
621,"CR-R-MP","NV-B-CR","CRNV",0.1155,-0.2329,0.4184
622,"CR-R-MP","NV-B-LV","CRNV",0.0014,-0.3272,0.2722
623,"CR-R-MP","NV-B-MO","CRNV",-0.0412,-0.3442,0.1789
624,"CR-R-MP","NV-B-MP","CRNV",-0.1367,-0.3355,0.0653
625,"CR-R-MP","NV-B-NV","CRNV",0.0605,-0.1656,0.2541
626,"CR-R-MP","NV-B-NV2","CRNV",0.2019,-0.0112,0.3942
627,"CR-R-MP","NV-B-VP","CRNV",-0.0091,-0.2657,0.2151
628,"CR-R-MP","NV-R-JU","CRNV",-0.1555,-0.3289,0.0337
629,"CR-R-MP","NV-R-JU1","CRNV",0.1572,-0.1523,0.3868
630,"CR-R-MP","NV-R-JU2","CRNV",0.0677,-0.1901,0.2618
631,"CR-R-MP","NV-R-LV","CRNV",0.0459,-0.2955,0.3588
632,"CR-R-MP","NV-R-VO","CRNV",-0.0881,-0.3963,0.1297
633,"CR-R-MP","VO-B-AP","CRVO",-0.2249,-0.3526,-0.0813
634,"CR-R-MP","VO-B-JU","CRVO",-0.1425,-0.3804,0.1346
635,"CR-R-MP","VO-B-MO","CRVO",-0.1475,-0.3128,0.0217
636,"CR-R-MP","VO-R-AO","CRVO",-0.1469,-0.3885,0.1384
637,"CR-R-MP","VO-R-JU1","CRVO",-0.136,-0.4054,0.1761
638,"CR-R-MP","VO-R-JU2","CRVO",-0.0921,-0.3524,0.2124
639,"CR-R-MP","VO-R-LV","CRVO",-0.1184,-0.3608,0.1229
640,"LV-B-CR","LV-B-MO","LVLV",0.051,-0.2268,0.3397
641,"LV-B-CR","LV-B-VO","LVLV",-0.063,-0.4052,0.1988
642,"LV-B-CR","LV-R-NV","LVLV",-0.005,-0.2632,0.2124
643,"LV-B-CR","LV-X-INB","LVLV",0.4875,0.2771,0.6888
644,"LV-B-CR","MO-B-LV","LVMO",-0.1586,-0.3317,0.0144
645,"LV-B-CR","MO-R-NV","LVMO",-0.1337,-0.3544,0.0511
646,"LV-B-CR","NV-B-AP","LVNV",-0.1571,-0.3235,0.0803
647,"LV-B-CR","NV-B-CR","LVNV",0.1549,-0.122,0.4593
648,"LV-B-CR","NV-B-LV","LVNV",-0.0672,-0.3284,0.2746
649,"LV-B-CR","NV-B-MO","LVNV",-0.172,-0.3209,0.0371
650,"LV-B-CR","NV-B-MP","LVNV",-0.0759,-0.252,0.0592
651,"LV-B-CR","NV-B-NV","LVNV",0.0482,-0.1962,0.2846
652,"LV-B-CR","NV-B-NV2","LVNV",-0.1089,-0.3394,0.2055
653,"LV-B-CR","NV-B-VP","LVNV",-0.1377,-0.2329,-0.0056
654,"LV-B-CR","NV-R-JU","LVNV",-0.0961,-0.2155,0.1137
655,"LV-B-CR","NV-R-JU1","LVNV",-0.1458,-0.3218,0.0751
656,"LV-B-CR","NV-R-JU2","LVNV",-0.0039,-0.3265,0.2553
657,"LV-B-CR","NV-R-LV","LVNV",-0.1469,-0.2919,0.0646
658,"LV-B-CR","NV-R-VO","LVNV",0.1065,-0.1206,0.3848
659,"LV-B-CR","VO-B-AP","LVVO",-0.0193,-0.2108,0.177
660,"LV-B-CR","VO-B-JU","LVVO",-0.3253,-0.4639,-0.1912
661,"LV-B-CR","VO-B-MO","LVVO",-0.0969,-0.2749,0.1249
662,"LV-B-CR","VO-R-AO","LVVO",-0.0913,-0.3965,0.2898
663,"LV-B-CR","VO-R-JU1","LVVO",-0.1984,-0.3338,-0.0045
664,"LV-B-CR","VO-R-JU2","LVVO",0.0251,-0.1295,0.1849
665,"LV-B-CR","VO-R-LV","LVVO",-0.3089,-0.4558,-0.0624
666,"LV-B-MO","LV-B-VO","LVLV",0.0665,-0.2544,0.3552
667,"LV-B-MO","LV-R-NV","LVLV",-0.0944,-0.2712,0.0857
668,"LV-B-MO","LV-X-INB","LVLV",-0.1842,-0.3376,0.0103
669,"LV-B-MO","MO-B-LV","LVMO",-0.1349,-0.2857,0.0966
670,"LV-B-MO","MO-R-NV","LVMO",0.0091,-0.2097,0.2373
671,"LV-B-MO","NV-B-AP","LVNV",-0.0099,-0.1649,0.1667
672,"LV-B-MO","NV-B-CR","LVNV",0.4063,0.1011,0.7375
673,"LV-B-MO","NV-B-LV","LVNV",-0.1023,-0.374,0.2408
674,"LV-B-MO","NV-B-MO","LVNV",-0.0864,-0.369,0.1187
675,"LV-B-MO","NV-B-MP","LVNV",-0.1126,-0.3636,0.1776
676,"LV-B-MO","NV-B-NV","LVNV",0.226,-0.0612,0.5161
677,"LV-B-MO","NV-B-NV2","LVNV",-0.0863,-0.3228,0.1332
678,"LV-B-MO","NV-B-VP","LVNV",-0.1681,-0.3492,0.0028
679,"LV-B-MO","NV-R-JU","LVNV",-0.0169,-0.2179,0.1713
680,"LV-B-MO","NV-R-JU1","LVNV",-0.121,-0.3139,0.1302
681,"LV-B-MO","NV-R-JU2","LVNV",-0.0433,-0.3182,0.2053
682,"LV-B-MO","NV-R-LV","LVNV",-0.1208,-0.2963,0.0611
683,"LV-B-MO","NV-R-VO","LVNV",-0.027,-0.2989,0.2582
684,"LV-B-MO","VO-B-AP","LVVO",0.1388,-0.1004,0.4473
685,"LV-B-MO","VO-B-JU","LVVO",0.0491,-0.1802,0.3064
686,"LV-B-MO","VO-B-MO","LVVO",-0.1262,-0.2696,0.0432
687,"LV-B-MO","VO-R-AO","LVVO",-0.1772,-0.4817,0.11
688,"LV-B-MO","VO-R-JU1","LVVO",0.0538,-0.3096,0.3085
689,"LV-B-MO","VO-R-JU2","LVVO",-0.0176,-0.1744,0.1684
690,"LV-B-MO","VO-R-LV","LVVO",-0.0969,-0.3619,0.1933
691,"LV-B-VO","LV-R-NV","LVLV",-0.0492,-0.2816,0.2054
692,"LV-B-VO","LV-X-INB","LVLV",-0.0097,-0.2593,0.2939
693,"LV-B-VO","MO-B-LV","LVMO",-0.0969,-0.2726,0.1809
694,"LV-B-VO","MO-R-NV","LVMO",0.0081,-0.2008,0.2489
695,"LV-B-VO","NV-B-AP","LVNV",-0.2162,-0.3667,-0.074
696,"LV-B-VO","NV-B-CR","LVNV",-0.0452,-0.3846,0.2164
697,"LV-B-VO","NV-B-LV","LVNV",0.0069,-0.2215,0.2667
698,"LV-B-VO","NV-B-MO","LVNV",-0.0352,-0.2714,0.1573
699,"LV-B-VO","NV-B-MP","LVNV",-0.1965,-0.3929,-0.0242
700,"LV-B-VO","NV-B-NV","LVNV",0.0657,-0.135,0.3121
701,"LV-B-VO","NV-B-NV2","LVNV",0.0841,-0.1152,0.2634
702,"LV-B-VO","NV-B-VP","LVNV",-0.2544,-0.4248,-0.0861
703,"LV-B-VO","NV-R-JU","LVNV",-0.0213,-0.3247,0.1574
704,"LV-B-VO","NV-R-JU1","LVNV",-0.1976,-0.3425,0.0125
705,"LV-B-VO","NV-R-JU2","LVNV",-0.0508,-0.2553,0.2683
706,"LV-B-VO","NV-R-LV","LVNV",-0.2649,-0.4014,-0.0866
707,"LV-B-VO","NV-R-VO","LVNV",-0.1347,-0.3812,0.1504
708,"LV-B-VO","VO-B-AP","LVVO",-0.1661,-0.3043,0.0171
709,"LV-B-VO","VO-B-JU","LVVO",0.1164,-0.2685,0.4324
710,"LV-B-VO","VO-B-MO","LVVO",-0.1964,-0.3497,-0.0124
711,"LV-B-VO","VO-R-AO","LVVO",-0.0207,-0.2437,0.2292
712,"LV-B-VO","VO-R-JU1","LVVO",-0.0042,-0.1531,0.2082
713,"LV-B-VO","VO-R-JU2","LVVO",-0.1498,-0.3156,0.0625
714,"LV-B-VO","VO-R-LV","LVVO",0.0843,-0.1842,0.3197
715,"LV-R-NV","LV-X-INB","LVLV",0.4947,0.3585,0.6377
716,"LV-R-NV","MO-B-LV","LVMO",0.1671,-0.1598,0.5382
717,"LV-R-NV","MO-R-NV","LVMO",-0.1801,-0.3255,0.003
718,"LV-R-NV","NV-B-AP","LVNV",-0.1408,-0.3611,0.0526
719,"LV-R-NV","NV-B-CR","LVNV",0.1647,-0.125,0.474
720,"LV-R-NV","NV-B-LV","LVNV",0.0637,-0.1892,0.4324
721,"LV-R-NV","NV-B-MO","LVNV",0.0264,-0.3017,0.3714
722,"LV-R-NV","NV-B-MP","LVNV",-0.061,-0.2849,0.1715
723,"LV-R-NV","NV-B-NV","LVNV",-0.1742,-0.3066,0.0505
724,"LV-R-NV","NV-B-NV2","LVNV",0.0205,-0.33,0.3485
725,"LV-R-NV","NV-B-VP","LVNV",-0.0637,-0.206,0.1544
726,"LV-R-NV","NV-R-JU","LVNV",-0.2016,-0.3755,-0.0506
727,"LV-R-NV","NV-R-JU1","LVNV",0.0383,-0.1223,0.2608
728,"LV-R-NV","NV-R-JU2","LVNV",-0.1658,-0.4024,0.033
729,"LV-R-NV","NV-R-LV","LVNV",-0.0721,-0.253,0.0646
730,"LV-R-NV","NV-R-VO","LVNV",0.018,-0.1866,0.3174
731,"LV-R-NV","VO-B-AP","LVVO",0.0929,-0.1244,0.3358
732,"LV-R-NV","VO-B-JU","LVVO",0.1678,-0.1722,0.5097
733,"LV-R-NV","VO-B-MO","LVVO",-0.1876,-0.3397,0.0211
734,"LV-R-NV","VO-R-AO","LVVO",-0.1342,-0.2874,0.0402
735,"LV-R-NV","VO-R-JU1","LVVO",0.0539,-0.1673,0.2584
736,"LV-R-NV","VO-R-JU2","LVVO",-0.022,-0.1842,0.1531
737,"LV-R-NV","VO-R-LV","LVVO",0.0164,-0.1992,0.2458
738,"LV-X-INB","MO-B-LV","LVMO",-0.0644,-0.2364,0.1683
739,"LV-X-INB","MO-R-NV","LVMO",-0.2319,-0.4463,-0.0072
740,"LV-X-INB","NV-B-AP","LVNV",-0.0387,-0.2488,0.1651
741,"LV-X-INB","NV-B-CR","LVNV",-0.0679,-0.2393,0.1499
742,"LV-X-INB","NV-B-LV","LVNV",-0.0143,-0.2245,0.1811
743,"LV-X-INB","NV-B-MO","LVNV",-0.0613,-0.2726,0.1843
744,"LV-X-INB","NV-B-MP","LVNV",-0.0202,-0.2289,0.2212
745,"LV-X-INB","NV-B-NV","LVNV",-0.1538,-0.3904,0.0237
746,"LV-X-INB","NV-B-NV2","LVNV",0.0037,-0.2766,0.3328
747,"LV-X-INB","NV-B-VP","LVNV",-0.1626,-0.3323,0.051
748,"LV-X-INB","NV-R-JU","LVNV",-0.1154,-0.2927,0.0917
749,"LV-X-INB","NV-R-JU1","LVNV",-0.0405,-0.2796,0.1496
750,"LV-X-INB","NV-R-JU2","LVNV",-0.1444,-0.3117,0.0916
751,"LV-X-INB","NV-R-LV","LVNV",-0.0353,-0.2994,0.2086
752,"LV-X-INB","NV-R-VO","LVNV",0.0037,-0.1657,0.2319
753,"LV-X-INB","VO-B-AP","LVVO",0.088,-0.1714,0.39
754,"LV-X-INB","VO-B-JU","LVVO",-0.1706,-0.3564,0.0032
755,"LV-X-INB","VO-B-MO","LVVO",-0.1133,-0.2813,0.0573
756,"LV-X-INB","VO-R-AO","LVVO",-0.1087,-0.2537,0.0832
757,"LV-X-INB","VO-R-JU1","LVVO",-0.1635,-0.2876,0.0043
758,"LV-X-INB","VO-R-JU2","LVVO",0.1628,-0.1376,0.4583
759,"LV-X-INB","VO-R-LV","LVVO",-0.1456,-0.338,0.1582
760,"MO-B-LV","MO-R-NV","MOMO",0.0686,-0.1681,0.3178
761,"MO-B-LV","NV-B-AP","MONV",-0.2459,-0.374,-0.0947
762,"MO-B-LV","NV-B-CR","MONV",-0.0873,-0.2522,0.1827
763,"MO-B-LV","NV-B-LV","MONV",-0.211,-0.3627,-0.0365
764,"MO-B-LV","NV-B-MO","MONV",0.0863,-0.1392,0.3225
765,"MO-B-LV","NV-B-MP","MONV",0.0058,-0.2431,0.2493
766,"MO-B-LV","NV-B-NV","MONV",-0.1043,-0.2971,0.1384
767,"MO-B-LV","NV-B-NV2","MONV",-0.0307,-0.2866,0.227
768,"MO-B-LV","NV-B-VP","MONV",0.1667,-0.1173,0.4482
769,"MO-B-LV","NV-R-JU","MONV",0.0972,-0.1662,0.3441
770,"MO-B-LV","NV-R-JU1","MONV",-0.2263,-0.3659,-0.0782
771,"MO-B-LV","NV-R-JU2","MONV",-0.3163,-0.4666,-0.1917
772,"MO-B-LV","NV-R-LV","MONV",-0.0075,-0.2129,0.2408
773,"MO-B-LV","NV-R-VO","MONV",0.0207,-0.1849,0.278
774,"MO-B-LV","VO-B-AP","MOVO",-0.0993,-0.2773,0.154
775,"MO-B-LV","VO-B-JU","MOVO",0.1061,-0.1039,0.3451
776,"MO-B-LV","VO-B-MO","MOVO",0.2174,-0.1677,0.5809
777,"MO-B-LV","VO-R-AO","MOVO",-0.1758,-0.347,-0.054
778,"MO-B-LV","VO-R-JU1","MOVO",0.055,-0.222,0.3203
779,"MO-B-LV","VO-R-JU2","MOVO",-0.2422,-0.3601,-0.1118
780,"MO-B-LV","VO-R-LV","MOVO",-0.1531,-0.2776,0.0144
781,"MO-R-NV","NV-B-AP","MONV",-0.0186,-0.1903,0.2007
782,"MO-R-NV","NV-B-CR","MONV",0.1239,-0.1576,0.3382
783,"MO-R-NV","NV-B-LV","MONV",0.2694,0.0386,0.5573
784,"MO-R-NV","NV-B-MO","MONV",-0.25,-0.4703,-0.0764
785,"MO-R-NV","NV-B-MP","MONV",-0.1438,-0.3886,0.0128
786,"MO-R-NV","NV-B-NV","MONV",0.2,-0.0474,0.5063
787,"MO-R-NV","NV-B-NV2","MONV",-0.1095,-0.2712,0.1762
788,"MO-R-NV","NV-B-VP","MONV",-0.1418,-0.4455,0.0836
789,"MO-R-NV","NV-R-JU","MONV",-0.0266,-0.3309,0.1981
790,"MO-R-NV","NV-R-JU1","MONV",0.1051,-0.1835,0.4466
791,"MO-R-NV","NV-R-JU2","MONV",-0.1242,-0.2924,0.0714
792,"MO-R-NV","NV-R-LV","MONV",-0.2877,-0.4236,-0.077
793,"MO-R-NV","NV-R-VO","MONV",-0.2545,-0.445,-0.0418
794,"MO-R-NV","VO-B-AP","MOVO",0.2701,0.0135,0.4359
795,"MO-R-NV","VO-B-JU","MOVO",-0.0819,-0.2967,0.1524
796,"MO-R-NV","VO-B-MO","MOVO",-0.0385,-0.262,0.2368
797,"MO-R-NV","VO-R-AO","MOVO",-0.0256,-0.1917,0.1762
798,"MO-R-NV","VO-R-JU1","MOVO",0.059,-0.2241,0.3693
799,"MO-R-NV","VO-R-JU2","MOVO",0.2466,-0.0112,0.4564
800,"MO-R-NV","VO-R-LV","MOVO",0.2974,0.1596,0.4175
801,"NV-B-AP","NV-B-CR","NVNV",-0.0119,-0.2509,0.205
802,"NV-B-AP","NV-B-LV","NVNV",0.2534,0.054,0.5545
803,"NV-B-AP","NV-B-MO","NVNV",0.2186,-0.1929,0.582
804,"NV-B-AP","NV-B-MP","NVNV",0.1951,-0.0714,0.3982
805,"NV-B-AP","NV-B-NV","NVNV",-0.022,-0.222,0.1781
806,"NV-B-AP","NV-B-NV2","NVNV",-0.2,-0.3878,-0.0465
807,"NV-B-AP","NV-B-VP","NVNV",-0.0297,-0.2425,0.2334
808,"NV-B-AP","NV-R-JU","NVNV",0.0202,-0.2066,0.238
809,"NV-B-AP","NV-R-JU1","NVNV",0.4779,0.1667,0.7613
810,"NV-B-AP","NV-R-JU2","NVNV",0.4595,0.2194,0.6911
811,"NV-B-AP","NV-R-LV","NVNV",0.3764,0.2254,0.5078
812,"NV-B-AP","NV-R-VO","NVNV",0.0561,-0.2458,0.3356
813,"NV-B-AP","VO-B-AP","NVVO",0.0851,-0.2847,0.3797
814,"NV-B-AP","VO-B-JU","NVVO",-0.106,-0.3314,0.1762
815,"NV-B-AP","VO-B-MO","NVVO",0.0594,-0.1367,0.2606
816,"NV-B-AP","VO-R-AO","NVVO",0.1491,-0.1368,0.455
817,"NV-B-AP","VO-R-JU1","NVVO",-0.0305,-0.3691,0.2483
818,"NV-B-AP","VO-R-JU2","NVVO",0.1595,-0.0897,0.3797
819,"NV-B-AP","VO-R-LV","NVVO",0.1374,-0.1897,0.4741
820,"NV-B-CR","NV-B-LV","NVNV",0.1166,-0.1682,0.4208
821,"NV-B-CR","NV-B-MO","NVNV",-0.2603,-0.4507,-0.0651
822,"NV-B-CR","NV-B-MP","NVNV",-0.2321,-0.4456,-0.0039
823,"NV-B-CR","NV-B-NV","NVNV",0.5015,0.3356,0.759
824,"NV-B-CR","NV-B-NV2","NVNV",-0.2515,-0.4612,-0.0557
825,"NV-B-CR","NV-B-VP","NVNV",-0.2817,-0.434,-0.1317
826,"NV-B-CR","NV-R-JU","NVNV",-0.1887,-0.3885,0.0256
827,"NV-B-CR","NV-R-JU1","NVNV",-0.016,-0.2996,0.2364
828,"NV-B-CR","NV-R-JU2","NVNV",-0.0452,-0.3191,0.206
829,"NV-B-CR","NV-R-LV","NVNV",-0.2913,-0.4199,-0.1429
830,"NV-B-CR","NV-R-VO","NVNV",-0.0286,-0.344,0.4188
831,"NV-B-CR","VO-B-AP","NVVO",0.1853,-0.0508,0.4103
832,"NV-B-CR","VO-B-JU","NVVO",0.0473,-0.2602,0.3252
833,"NV-B-CR","VO-B-MO","NVVO",-0.2752,-0.3678,-0.1748
834,"NV-B-CR","VO-R-AO","NVVO",-0.1793,-0.4139,0.0949
835,"NV-B-CR","VO-R-JU1","NVVO",-0.1152,-0.4012,0.2519
836,"NV-B-CR","VO-R-JU2","NVVO",0.0938,-0.1532,0.2328
837,"NV-B-CR","VO-R-LV","NVVO",-0.0411,-0.321,0.2567
838,"NV-B-LV","NV-B-MO","NVNV",-0.2996,-0.4472,-0.133
839,"NV-B-LV","NV-B-MP","NVNV",-0.2685,-0.3932,-0.0811
840,"NV-B-LV","NV-B-NV","NVNV",0.1244,7e-04,0.2368
841,"NV-B-LV","NV-B-NV2","NVNV",0.0191,-0.1941,0.2291
842,"NV-B-LV","NV-B-VP","NVNV",-0.0707,-0.3349,0.1964
843,"NV-B-LV","NV-R-JU","NVNV",-0.0897,-0.3063,0.2373
844,"NV-B-LV","NV-R-JU1","NVNV",0.4589,0.3077,0.6491
845,"NV-B-LV","NV-R-JU2","NVNV",0.2552,0.1107,0.4203
846,"NV-B-LV","NV-R-LV","NVNV",-0.2068,-0.4442,0.081
847,"NV-B-LV","NV-R-VO","NVNV",-0.2421,-0.4771,0.039
848,"NV-B-LV","VO-B-AP","NVVO",0.0426,-0.2544,0.2808
849,"NV-B-LV","VO-B-JU","NVVO",-0.0775,-0.3025,0.1133
850,"NV-B-LV","VO-B-MO","NVVO",-0.2007,-0.359,-0.0569
851,"NV-B-LV","VO-R-AO","NVVO",0.1561,-0.1645,0.486
852,"NV-B-LV","VO-R-JU1","NVVO",-0.1975,-0.4188,-0.0173
853,"NV-B-LV","VO-R-JU2","NVVO",0.1019,-0.1504,0.3696
854,"NV-B-LV","VO-R-LV","NVVO",0.3431,0.2048,0.53
855,"NV-B-MO","NV-B-MP","NVNV",0.5811,0.389,0.7716
856,"NV-B-MO","NV-B-NV","NVNV",-0.1739,-0.3688,0.0739
857,"NV-B-MO","NV-B-NV2","NVNV",-0.022,-0.3667,0.3386
858,"NV-B-MO","NV-B-VP","NVNV",0.0803,-0.1761,0.2996
859,"NV-B-MO","NV-R-JU","NVNV",0.0632,-0.218,0.4
860,"NV-B-MO","NV-R-JU1","NVNV",0.1864,0.0014,0.3596
861,"NV-B-MO","NV-R-JU2","NVNV",0.0295,-0.3671,0.2584
862,"NV-B-MO","NV-R-LV","NVNV",0.6024,0.4053,0.8381
863,"NV-B-MO","NV-R-VO","NVNV",0.4107,0.3062,0.4814
864,"NV-B-MO","VO-B-AP","NVVO",0.0631,-0.1813,0.2634
865,"NV-B-MO","VO-B-JU","NVVO",0.0081,-0.3444,0.4627
866,"NV-B-MO","VO-B-MO","NVVO",-0.0755,-0.2181,0.0892
867,"NV-B-MO","VO-R-AO","NVVO",-0.0042,-0.2639,0.2105
868,"NV-B-MO","VO-R-JU1","NVVO",0.0139,-0.2784,0.2924
869,"NV-B-MO","VO-R-JU2","NVVO",-0.0714,-0.3836,0.2042
870,"NV-B-MO","VO-R-LV","NVVO",0.1076,-0.0651,0.3909
871,"NV-B-MP","NV-B-NV","NVNV",-0.2063,-0.3889,0.0059
872,"NV-B-MP","NV-B-NV2","NVNV",-0.1152,-0.3158,0.0847
873,"NV-B-MP","NV-B-VP","NVNV",-0.0803,-0.2945,0.1509
874,"NV-B-MP","NV-R-JU","NVNV",-0.0321,-0.2646,0.1495
875,"NV-B-MP","NV-R-JU1","NVNV",0.1649,-0.0635,0.3559
876,"NV-B-MP","NV-R-JU2","NVNV",-0.13,-0.25,0.041
877,"NV-B-MP","NV-R-LV","NVNV",0.5231,0.3859,0.7502
878,"NV-B-MP","NV-R-VO","NVNV",0.3974,0.1718,0.598
879,"NV-B-MP","VO-B-AP","NVVO",0.1541,-0.0682,0.4554
880,"NV-B-MP","VO-B-JU","NVVO",-0.1556,-0.3647,0.0426
881,"NV-B-MP","VO-B-MO","NVVO",0.0728,-0.1292,0.3455
882,"NV-B-MP","VO-R-AO","NVVO",-0.0308,-0.264,0.2025
883,"NV-B-MP","VO-R-JU1","NVVO",-0.0135,-0.2249,0.2783
884,"NV-B-MP","VO-R-JU2","NVVO",-0.0329,-0.1813,0.1795
885,"NV-B-MP","VO-R-LV","NVVO",-0.0597,-0.2245,0.115
886,"NV-B-NV","NV-B-NV2","NVNV",-0.0458,-0.2178,0.1429
887,"NV-B-NV","NV-B-VP","NVNV",-0.0744,-0.2736,0.1384
888,"NV-B-NV","NV-R-JU","NVNV",0.1637,-0.0227,0.3224
889,"NV-B-NV","NV-R-JU1","NVNV",0.0952,-0.1414,0.3737
890,"NV-B-NV","NV-R-JU2","NVNV",-0.0588,-0.2273,0.1509
891,"NV-B-NV","NV-R-LV","NVNV",-0.3385,-0.5211,-0.1215
892,"NV-B-NV","NV-R-VO","NVNV",-0.1938,-0.3597,0.0211
893,"NV-B-NV","VO-B-AP","NVVO",-0.0136,-0.1886,0.1905
894,"NV-B-NV","VO-B-JU","NVVO",-0.1449,-0.3254,0.1076
895,"NV-B-NV","VO-B-MO","NVVO",-0.1496,-0.3198,0.0854
896,"NV-B-NV","VO-R-AO","NVVO",-0.2097,-0.3494,-0.0014
897,"NV-B-NV","VO-R-JU1","NVVO",-0.1384,-0.279,0.0335
898,"NV-B-NV","VO-R-JU2","NVVO",0.0343,-0.1538,0.281
899,"NV-B-NV","VO-R-LV","NVVO",-0.1209,-0.375,0.1243
900,"NV-B-NV2","NV-B-VP","NVNV",-0.1149,-0.3471,0.1016
901,"NV-B-NV2","NV-R-JU","NVNV",-0.0714,-0.2081,0.071
902,"NV-B-NV2","NV-R-JU1","NVNV",0.0533,-0.1857,0.4009
903,"NV-B-NV2","NV-R-JU2","NVNV",-0.1601,-0.328,0.0486
904,"NV-B-NV2","NV-R-LV","NVNV",-0.1867,-0.3709,-0.0098
905,"NV-B-NV2","NV-R-VO","NVNV",-0.2762,-0.4139,-0.1104
906,"NV-B-NV2","VO-B-AP","NVVO",-0.2587,-0.3828,-0.1177
907,"NV-B-NV2","VO-B-JU","NVVO",-0.0596,-0.4189,0.2606
908,"NV-B-NV2","VO-B-MO","NVVO",0.0317,-0.1805,0.3095
909,"NV-B-NV2","VO-R-AO","NVVO",-0.1866,-0.403,0.0096
910,"NV-B-NV2","VO-R-JU1","NVVO",-0.1777,-0.3089,0.0233
911,"NV-B-NV2","VO-R-JU2","NVVO",-0.1983,-0.3953,0.0058
912,"NV-B-NV2","VO-R-LV","NVVO",-0.0976,-0.2857,0.1527
913,"NV-B-VP","NV-R-JU","NVNV",0.5464,0.4075,0.7656
914,"NV-B-VP","NV-R-JU1","NVNV",-0.0931,-0.3372,0.2125
915,"NV-B-VP","NV-R-JU2","NVNV",-0.1289,-0.348,0.1905
916,"NV-B-VP","NV-R-LV","NVNV",-0.0271,-0.2595,0.3188
917,"NV-B-VP","NV-R-VO","NVNV",0.0603,-0.1538,0.2696
918,"NV-B-VP","VO-B-AP","NVVO",-0.2343,-0.2825,-0.1591
919,"NV-B-VP","VO-B-JU","NVVO",0.0391,-0.1649,0.2863
920,"NV-B-VP","VO-B-MO","NVVO",0.0636,-0.2027,0.3557
921,"NV-B-VP","VO-R-AO","NVVO",-0.0961,-0.2487,0.1516
922,"NV-B-VP","VO-R-JU1","NVVO",0.172,-0.0499,0.4845
923,"NV-B-VP","VO-R-JU2","NVVO",0.0922,-0.2708,0.4331
924,"NV-B-VP","VO-R-LV","NVVO",0.0037,-0.1982,0.2134
925,"NV-R-JU","NV-R-JU1","NVNV",-0.1736,-0.3113,-0.0363
926,"NV-R-JU","NV-R-JU2","NVNV",-0.1489,-0.2771,-0.0279
927,"NV-R-JU","NV-R-LV","NVNV",-0.0458,-0.2784,0.2509
928,"NV-R-JU","NV-R-VO","NVNV",0.0995,-0.1335,0.4245
929,"NV-R-JU","VO-B-AP","NVVO",-0.0351,-0.2103,0.234
930,"NV-R-JU","VO-B-JU","NVVO",0.087,-0.1111,0.2724
931,"NV-R-JU","VO-B-MO","NVVO",0.105,-0.1025,0.4053
932,"NV-R-JU","VO-R-AO","NVVO",0.0089,-0.2054,0.2073
933,"NV-R-JU","VO-R-JU1","NVVO",0.0922,-0.1132,0.3447
934,"NV-R-JU","VO-R-JU2","NVVO",0.0095,-0.1561,0.1716
935,"NV-R-JU","VO-R-LV","NVVO",-0.015,-0.1873,0.2487
936,"NV-R-JU1","NV-R-JU2","NVNV",0.4012,0.0841,0.7072
937,"NV-R-JU1","NV-R-LV","NVNV",0.3878,0.2016,0.6053
938,"NV-R-JU1","NV-R-VO","NVNV",-0.0045,-0.3448,0.3764
939,"NV-R-JU1","VO-B-AP","NVVO",-0.0315,-0.179,0.1979
940,"NV-R-JU1","VO-B-JU","NVVO",-0.0998,-0.3338,0.132
941,"NV-R-JU1","VO-B-MO","NVVO",-0.0047,-0.2013,0.1903
942,"NV-R-JU1","VO-R-AO","NVVO",0.1268,-0.153,0.3797
943,"NV-R-JU1","VO-R-JU1","NVVO",0.0277,-0.2212,0.2919
944,"NV-R-JU1","VO-R-JU2","NVVO",0.011,-0.248,0.2466
945,"NV-R-JU1","VO-R-LV","NVVO",0.241,-0.0323,0.4773
946,"NV-R-JU2","NV-R-LV","NVNV",0.3043,0.1254,0.4353
947,"NV-R-JU2","NV-R-VO","NVNV",-0.1862,-0.4214,0.0487
948,"NV-R-JU2","VO-B-AP","NVVO",-0.1661,-0.3647,0.0774
949,"NV-R-JU2","VO-B-JU","NVVO",-0.0098,-0.2226,0.1751
950,"NV-R-JU2","VO-B-MO","NVVO",-0.0332,-0.1944,0.1874
951,"NV-R-JU2","VO-R-AO","NVVO",0.2795,0.0546,0.494
952,"NV-R-JU2","VO-R-JU1","NVVO",-0.0669,-0.3225,0.2247
953,"NV-R-JU2","VO-R-JU2","NVVO",-0.0859,-0.2791,0.0796
954,"NV-R-JU2","VO-R-LV","NVVO",0.0843,-0.0565,0.1975
955,"NV-R-LV","NV-R-VO","NVNV",0.5269,0.3365,0.6975
956,"NV-R-LV","VO-B-AP","NVVO",0.0811,-0.1731,0.2742
957,"NV-R-LV","VO-B-JU","NVVO",0.0309,-0.1749,0.2324
958,"NV-R-LV","VO-B-MO","NVVO",0.1677,-0.1423,0.4194
959,"NV-R-LV","VO-R-AO","NVVO",0.2019,-0.0811,0.4107
960,"NV-R-LV","VO-R-JU1","NVVO",0.1649,-0.0789,0.434
961,"NV-R-LV","VO-R-JU2","NVVO",-0.0465,-0.2666,0.3626
962,"NV-R-LV","VO-R-LV","NVVO",0.0618,-0.1609,0.2753
963,"NV-R-VO","VO-B-AP","NVVO",0.1847,-0.1212,0.495
964,"NV-R-VO","VO-B-JU","NVVO",0.0554,-0.1748,0.3134
965,"NV-R-VO","VO-B-MO","NVVO",0.1667,-0.0553,0.3997
966,"NV-R-VO","VO-R-AO","NVVO",0.1946,-0.1342,0.4222
967,"NV-R-VO","VO-R-JU1","NVVO",0.1642,-0.1197,0.452
968,"NV-R-VO","VO-R-JU2","NVVO",-0.0071,-0.1792,0.1499
969,"NV-R-VO","VO-R-LV","NVVO",0.1351,-0.1503,0.3797
970,"VO-B-AP","VO-B-JU","VOVO",0.1367,-0.1631,0.3723
971,"VO-B-AP","VO-B-MO","VOVO",-0.1861,-0.3608,0.0522
972,"VO-B-AP","VO-R-AO","VOVO",0.2763,-0.0849,0.5857
973,"VO-B-AP","VO-R-JU1","VOVO",0.0871,-0.1703,0.3219
974,"VO-B-AP","VO-R-JU2","VOVO",0.2913,0.0561,0.5551
975,"VO-B-AP","VO-R-LV","VOVO",0.4438,0.35,0.5431
976,"VO-B-JU","VO-B-MO","VOVO",-0.1077,-0.3271,0.1393
977,"VO-B-JU","VO-R-AO","VOVO",0.1423,-0.1051,0.3939
978,"VO-B-JU","VO-R-JU1","VOVO",0.359,0.1096,0.5361
979,"VO-B-JU","VO-R-JU2","VOVO",-0.1095,-0.3015,0.0772
980,"VO-B-JU","VO-R-LV","VOVO",0.3314,0.2035,0.4915
981,"VO-B-MO","VO-R-AO","VOVO",0.0989,-0.1177,0.4043
982,"VO-B-MO","VO-R-JU1","VOVO",0.0631,-0.2206,0.2826
983,"VO-B-MO","VO-R-JU2","VOVO",-0.1754,-0.3415,0.0553
984,"VO-B-MO","VO-R-LV","VOVO",-0.1429,-0.3123,0.0246
985,"VO-R-AO","VO-R-JU1","VOVO",0.1469,-0.2245,0.3978
986,"VO-R-AO","VO-R-JU2","VOVO",-0.0537,-0.2422,0.129
987,"VO-R-AO","VO-R-LV","VOVO",0.556,0.3404,0.7584
988,"VO-R-JU1","VO-R-JU2","VOVO",0.0916,-0.2009,0.4512
989,"VO-R-JU1","VO-R-LV","VOVO",0.2688,0.1316,0.3571
990,"VO-R-JU2","VO-R-LV","VOVO",0.1196,-0.0942,0.3101
